0;0;0;0;land;false;unknown;0
1;174;114;1;land;true;plains;1
2;68;127;1;land;true;plains;1
3;5;170;1;land;true;plains;1
4;237;38;1;land;true;plains;1
5;186;104;1;land;true;plains;1
6;117;159;1;land;true;plains;1
7;11;247;1;land;true;plains;1
8;108;248;1;land;true;plains;1
9;51;222;1;land;true;plains;1
10;30;61;1;land;true;plains;1
11;210;112;1;land;true;plains;1
12;194;171;1;land;true;plains;1
13;139;2;1;land;true;plains;1
14;91;84;1;land;true;plains;1
15;55;148;1;land;true;plains;1
16;211;220;1;land;true;plains;1
17;9;226;1;land;true;plains;1
18;252;18;1;land;true;plains;1
19;113;99;1;land;true;plains;1
20;124;133;1;land;true;plains;1
21;92;218;1;land;false;plains;1
22;253;204;1;land;true;plains;1
23;210;206;1;land;false;plains;1
24;239;187;1;land;true;plains;1
25;243;205;1;land;false;plains;1
26;50;143;1;land;false;plains;1
27;108;171;1;land;true;plains;1
28;61;176;1;land;true;plains;1
29;96;140;1;land;true;plains;1
30;60;82;1;land;false;plains;1
31;54;88;1;land;true;plains;1
32;51;75;1;land;false;plains;1
33;200;36;1;land;true;plains;1
34;206;217;1;land;true;plains;1
35;184;161;1;land;true;plains;1
36;178;163;1;land;true;plains;1
37;161;205;1;land;false;plains;1
38;166;188;1;land;true;plains;1
39;208;220;1;land;true;plains;1
40;36;189;1;land;true;plains;1
41;56;214;1;land;true;plains;1
42;56;224;1;land;true;plains;1
43;78;144;1;land;false;plains;1
44;74;175;1;land;false;plains;1
45;109;123;1;land;true;plains;1
46;47;116;1;land;true;plains;1
47;83;172;1;land;true;plains;1
48;218;150;1;land;true;plains;1
49;218;35;1;land;false;plains;1
50;217;20;1;land;true;plains;1
51;240;37;1;land;true;plains;1
52;223;79;1;land;true;plains;1
53;60;106;1;land;true;plains;1
54;8;86;1;land;true;plains;1
55;72;145;1;land;true;plains;1
56;42;230;1;land;true;plains;1
57;84;251;1;land;true;plains;1
58;249;15;1;land;true;plains;1
59;208;19;1;land;true;plains;1
60;198;87;1;land;false;plains;1
61;116;161;1;land;false;plains;1
62;77;169;1;land;true;plains;1
63;135;157;1;land;false;plains;1
64;98;112;1;land;false;plains;1
65;80;147;1;land;false;plains;1
66;110;128;1;land;false;plains;1
67;204;235;1;land;true;plains;1
68;229;233;1;land;false;plains;1
69;188;50;1;land;false;plains;1
70;195;13;1;land;false;plains;1
71;222;46;1;land;false;plains;1
72;17;239;1;land;false;plains;1
73;14;184;1;land;true;plains;1
74;17;40;1;land;true;plains;1
75;53;53;1;land;true;plains;1
76;29;45;1;land;true;plains;1
77;47;54;1;land;true;plains;1
78;126;244;1;land;true;plains;1
79;78;87;1;land;true;plains;1
80;217;59;1;land;false;desert;1
81;217;121;1;land;false;desert;1
82;92;96;1;land;true;desert;1
83;129;71;1;land;true;desert;1
84;93;94;1;land;false;desert;1
85;123;81;1;land;true;desert;1
86;148;39;1;land;true;desert;1
87;164;78;1;land;true;plains;1
88;139;109;1;land;true;desert;1
89;181;65;1;land;true;plains;1
90;20;18;1;land;false;desert;1
91;197;14;1;land;true;plains;1
92;150;11;1;land;true;desert;1
93;119;135;1;land;true;desert;1
94;102;171;1;land;true;desert;1
95;136;125;1;land;false;desert;1
96;176;18;1;land;true;desert;1
97;177;19;1;land;true;desert;1
98;161;11;1;land;true;desert;1
99;172;36;1;land;true;plains;1
100;116;175;1;land;true;desert;1
101;122;180;1;land;true;desert;1
102;61;175;1;land;true;plains;1
103;110;194;1;land;false;plains;1
104;157;153;1;land;false;plains;1
105;80;240;1;land;false;plains;1
106;74;232;1;land;false;plains;1
107;23;43;1;land;true;plains;1
108;82;53;1;land;false;plains;1
109;223;87;1;land;false;plains;1
110;247;156;1;land;false;plains;1
111;211;150;1;land;false;plains;1
112;223;80;1;land;false;plains;1
113;144;202;1;land;false;plains;1
114;119;169;1;land;false;plains;1
115;193;170;1;land;false;plains;1
116;130;232;1;land;true;plains;1
117;83;234;1;land;true;plains;1
118;64;207;1;land;false;plains;1
119;179;8;1;land;false;plains;1
120;170;37;1;land;false;plains;1
121;164;2;1;land;false;plains;1
122;169;36;1;land;false;plains;1
123;198;10;1;land;false;hills;1
124;189;2;1;land;false;plains;1
125;187;0;1;land;false;hills;1
126;171;36;1;land;false;plains;1
127;109;80;1;land;false;plains;1
128;142;58;1;land;false;plains;1
129;121;75;1;land;false;plains;1
130;100;50;1;land;false;plains;1
131;123;50;1;land;false;plains;1
132;55;117;1;land;false;plains;1
133;56;96;1;land;false;plains;1
134;65;119;1;land;false;plains;1
135;35;160;1;land;false;plains;1
136;66;139;1;land;false;plains;1
137;62;99;1;land;false;plains;1
138;26;94;1;land;false;plains;1
139;72;155;1;land;false;plains;1
140;61;127;1;land;false;plains;1
141;223;8;1;land;false;plains;1
142;243;1;1;land;false;plains;1
143;248;26;1;land;false;plains;1
144;220;31;1;land;false;plains;1
145;223;28;1;land;false;plains;1
146;225;42;1;land;false;plains;1
147;207;52;1;land;false;plains;1
148;201;65;1;land;false;plains;1
149;181;84;1;land;false;plains;1
150;181;115;1;land;false;plains;1
151;94;132;1;land;true;plains;1
152;43;156;1;land;true;plains;1
153;102;180;1;land;true;plains;1
154;103;164;1;land;false;plains;1
155;104;157;1;land;true;plains;1
156;44;211;1;land;false;mountain;1
157;52;183;1;land;false;hills;1
158;38;247;1;land;false;hills;1
159;50;196;1;land;false;hills;1
160;224;192;1;land;false;plains;1
161;230;209;1;land;false;plains;1
162;156;45;1;land;false;hills;1
163;194;16;1;land;false;hills;1
164;210;20;1;land;false;mountain;1
165;162;12;1;land;false;mountain;1
166;213;31;1;land;false;mountain;1
167;207;10;1;land;false;plains;1
168;170;42;1;land;false;mountain;1
169;162;29;1;land;false;plains;1
170;165;17;1;land;false;plains;1
171;19;149;1;land;false;plains;1
172;47;117;1;land;false;plains;1
173;68;142;1;land;false;plains;1
174;57;154;1;land;false;plains;1
175;81;141;1;land;false;plains;1
176;81;149;1;land;false;plains;1
177;46;144;1;land;false;plains;1
178;24;155;1;land;false;plains;1
179;62;144;1;land;false;plains;1
180;11;172;1;land;false;plains;1
181;3;167;1;land;false;plains;1
182;10;226;1;land;false;plains;1
183;42;182;1;land;false;plains;1
184;211;22;1;land;true;plains;1
185;113;48;1;land;false;plains;1
186;81;184;1;land;false;plains;1
187;64;146;1;land;false;plains;1
188;71;173;1;land;false;plains;1
189;80;167;1;land;false;plains;1
190;121;219;1;land;false;mountain;1
191;4;30;1;land;false;plains;1
192;35;17;1;land;false;plains;1
193;223;129;1;land;false;plains;1
194;183;133;1;land;false;plains;1
195;214;123;1;land;false;plains;1
196;184;90;1;land;false;plains;1
197;230;138;1;land;false;plains;1
198;240;190;1;land;false;plains;1
199;191;171;1;land;false;mountain;1
200;196;178;1;land;false;plains;1
201;220;182;1;land;false;plains;1
202;223;158;1;land;false;plains;1
203;141;10;1;land;false;plains;1
204;45;44;1;land;false;plains;1
205;31;87;1;land;false;plains;1
206;93;87;1;land;true;plains;1
207;39;60;1;land;false;plains;1
208;46;26;1;land;false;plains;1
209;7;88;1;land;false;plains;1
210;30;160;1;land;false;plains;1
211;6;127;1;land;false;plains;1
212;5;140;1;land;false;plains;1
213;5;81;1;land;false;mountain;1
214;31;122;1;land;false;plains;1
215;37;189;1;land;false;plains;1
216;18;218;1;land;false;plains;1
217;187;39;1;land;false;plains;1
218;216;30;1;land;false;plains;1
219;163;21;1;land;false;plains;1
220;134;177;1;land;false;plains;1
221;103;174;1;land;false;plains;1
222;93;163;1;land;false;plains;1
223;130;155;1;land;false;plains;1
224;149;172;1;land;false;plains;1
225;117;166;1;land;false;plains;1
226;105;157;1;land;false;plains;1
227;86;219;1;land;true;plains;1
228;230;45;1;land;true;plains;1
229;253;55;1;land;true;plains;1
230;139;81;1;land;true;plains;1
231;146;81;1;land;true;plains;1
232;163;124;1;land;false;plains;1
233;158;97;1;land;true;plains;1
234;221;137;1;land;true;plains;1
235;172;156;1;land;false;plains;1
236;188;172;1;land;false;plains;1
237;211;211;1;land;false;plains;1
238;201;211;1;land;false;plains;1
239;113;223;1;land;true;plains;1
240;139;201;1;land;true;plains;1
241;88;209;1;land;false;plains;1
242;83;235;1;land;false;plains;1
243;108;225;1;land;true;plains;1
244;75;57;1;land;false;plains;1
245;31;42;1;land;true;plains;1
246;27;41;1;land;true;plains;1
247;42;93;1;land;false;plains;1
248;47;139;1;land;false;plains;1
249;234;229;1;land;false;plains;1
250;221;176;1;land;false;plains;1
251;245;194;1;land;false;plains;1
252;125;226;1;land;true;plains;1
253;106;229;1;land;true;plains;1
254;82;75;1;land;true;plains;1
255;34;164;1;land;false;plains;1
256;61;142;1;land;false;plains;1
257;27;167;1;land;false;plains;1
258;250;185;1;land;false;mountain;1
259;233;198;1;land;false;mountain;1
260;193;163;1;land;false;mountain;1
261;115;32;1;land;false;plains;1
262;115;76;1;land;false;plains;1
263;37;168;1;land;false;hills;1
264;102;126;1;land;false;hills;1
265;63;134;1;land;false;hills;1
266;43;213;1;land;true;plains;1
267;152;45;1;land;true;plains;1
268;199;4;1;land;true;plains;1
269;157;43;1;land;false;mountain;1
270;106;65;1;land;false;hills;1
271;152;103;1;land;false;mountain;1
272;119;69;1;land;false;mountain;1
273;189;85;1;land;false;plains;1
274;174;126;1;land;false;plains;1
275;222;140;1;land;false;plains;1
276;117;163;1;land;false;plains;1
277;83;223;1;land;true;desert;1
278;31;185;1;land;true;desert;1
279;75;223;1;land;true;desert;1
280;81;243;1;land;false;plains;1
281;91;184;1;land;false;desert;1
282;252;37;1;land;true;plains;1
283;238;22;1;land;true;plains;1
284;228;7;1;land;false;plains;1
285;214;98;1;land;false;plains;1
286;232;146;1;land;false;hills;1
287;233;117;1;land;false;plains;1
288;181;161;1;land;true;plains;1
289;203;164;1;land;true;plains;1
290;176;144;1;land;true;plains;1
291;66;246;1;land;false;mountain;1
292;108;198;1;land;false;hills;1
293;118;221;1;land;false;mountain;1
294;70;201;1;land;false;mountain;1
295;126;101;1;land;false;plains;1
296;46;131;1;land;false;plains;1
297;103;180;1;land;false;plains;1
298;89;174;1;land;false;plains;1
299;59;141;1;land;true;plains;1
300;71;175;1;land;false;plains;1
301;220;187;1;land;false;plains;1
302;202;210;1;land;false;plains;1
303;252;183;1;land;false;plains;1
304;164;14;1;land;false;mountain;1
305;145;5;1;land;false;mountain;1
306;179;40;1;land;false;mountain;1
307;156;70;1;land;false;plains;1
308;182;103;1;land;false;plains;1
309;115;171;1;land;false;plains;1
310;114;147;1;land;false;plains;1
311;136;124;1;land;false;plains;1
312;227;43;1;land;false;plains;1
313;236;25;1;land;false;plains;1
314;11;68;1;land;false;hills;1
315;10;83;1;land;false;mountain;1
316;43;73;1;land;false;mountain;1
317;45;72;1;land;false;hills;1
318;43;13;1;land;false;mountain;1
319;209;93;1;land;false;plains;1
320;156;127;1;land;false;hills;1
321;158;197;1;land;false;plains;1
322;137;160;1;land;false;plains;1
323;54;252;1;land;false;plains;1
324;11;153;1;land;false;mountain;1
325;3;134;1;land;false;mountain;1
326;4;164;1;land;false;mountain;1
327;24;90;1;land;false;hills;1
328;43;120;1;land;false;hills;1
329;9;103;1;land;false;mountain;1
330;2;156;1;land;false;hills;1
331;220;190;1;land;false;plains;1
332;99;209;1;land;false;plains;1
333;146;237;1;land;false;plains;1
334;147;245;1;land;false;plains;1
335;147;248;1;land;false;plains;1
336;158;215;1;land;false;plains;1
337;103;205;1;land;false;plains;1
338;59;239;1;land;false;plains;1
339;80;219;1;land;false;plains;1
340;114;221;1;land;false;plains;1
341;78;227;1;land;false;plains;1
342;103;229;1;land;false;plains;1
343;72;232;1;land;false;plains;1
344;78;40;1;land;false;plains;1
345;41;17;1;land;false;plains;1
346;52;54;1;land;false;plains;1
347;32;37;1;land;false;plains;1
348;200;80;1;land;false;mountain;1
349;175;109;1;land;false;mountain;1
350;222;139;1;land;false;mountain;1
351;243;137;1;land;false;mountain;1
352;192;184;1;land;false;plains;1
353;142;149;1;land;false;hills;1
354;119;175;1;land;false;plains;1
355;185;177;1;land;false;hills;1
356;158;203;1;land;false;plains;1
357;153;248;1;land;false;plains;1
358;119;248;1;land;true;plains;1
359;156;232;1;land;true;plains;1
360;127;214;1;land;true;plains;1
361;112;86;1;land;true;plains;1
362;48;87;1;land;true;plains;1
363;74;69;1;land;true;plains;1
364;228;112;1;land;false;plains;1
365;227;108;1;land;false;plains;1
366;213;118;1;land;false;plains;1
367;233;94;1;land;false;hills;1
368;246;96;1;land;false;plains;1
369;166;157;1;land;false;plains;1
370;11;199;1;land;true;plains;1
371;24;202;1;land;true;plains;1
372;180;57;1;land;false;mountain;1
373;101;112;1;land;false;plains;1
374;163;60;1;land;false;plains;1
375;107;109;1;land;false;plains;1
376;125;45;1;land;false;hills;1
377;89;57;1;land;false;plains;1
378;69;117;1;land;false;plains;1
379;72;138;1;land;false;plains;1
380;109;120;1;land;false;plains;1
381;88;246;1;land;true;plains;1
382;81;232;1;land;false;plains;1
383;23;237;1;land;true;plains;1
384;26;51;1;land;false;plains;1
385;33;2;1;land;false;plains;1
386;32;18;1;land;true;plains;1
387;10;18;1;land;false;plains;1
388;155;84;1;land;false;plains;1
389;158;85;1;land;false;plains;1
390;107;145;1;land;false;hills;1
391;137;180;1;land;false;plains;1
392;103;194;1;land;false;hills;1
393;170;207;1;land;false;plains;1
394;189;145;1;land;false;plains;1
395;181;171;1;land;false;plains;1
396;186;174;1;land;false;plains;1
397;175;146;1;land;false;plains;1
398;220;151;1;land;false;plains;1
399;97;243;1;land;false;plains;1
400;149;242;1;land;false;plains;1
401;98;246;1;land;false;hills;1
402;133;228;1;land;false;hills;1
403;136;233;1;land;false;plains;1
404;154;217;1;land;false;plains;1
405;134;216;1;land;false;plains;1
406;145;246;1;land;false;plains;1
407;124;231;1;land;false;plains;1
408;140;235;1;land;false;plains;1
409;146;232;1;land;false;plains;1
410;21;77;1;land;false;mountain;1
411;80;73;1;land;false;forest;1
412;49;37;1;land;false;hills;1
413;251;91;1;land;false;plains;1
414;252;182;1;land;false;plains;1
415;221;220;1;land;false;plains;1
416;248;185;1;land;false;plains;1
417;204;5;1;land;true;plains;1
418;90;78;1;land;false;plains;1
419;59;22;1;land;false;plains;1
420;42;158;1;land;false;mountain;1
421;36;156;1;land;false;mountain;1
422;1;128;1;land;false;mountain;1
423;53;110;1;land;false;mountain;1
424;67;128;1;land;false;mountain;1
425;74;161;1;land;false;hills;1
426;80;130;1;land;false;plains;1
427;130;141;1;land;false;plains;1
428;110;192;1;land;false;hills;1
429;16;245;1;land;true;plains;1
430;212;16;1;land;false;plains;1
431;229;30;1;land;false;plains;1
432;195;70;1;land;false;plains;1
433;151;60;1;land;false;plains;1
434;165;74;1;land;false;plains;1
435;148;77;1;land;false;plains;1
436;160;192;1;land;true;plains;1
437;137;175;1;land;true;plains;1
438;75;252;1;land;false;plains;1
439;113;246;1;land;false;plains;1
440;0;56;1;land;false;plains;1
441;32;4;1;land;false;plains;1
442;21;29;1;land;false;plains;1
443;34;53;1;land;false;plains;1
444;210;72;1;land;false;plains;1
445;217;140;1;land;false;plains;1
446;198;23;1;land;true;plains;1
447;214;1;1;land;true;plains;1
448;215;20;1;land;true;plains;1
449;125;124;1;land;false;plains;1
450;84;119;1;land;true;plains;1
451;58;145;1;land;true;plains;1
452;214;241;1;land;false;hills;1
453;250;169;1;land;false;plains;1
454;224;195;1;land;false;mountain;1
455;38;45;1;land;false;plains;1
456;50;46;1;land;true;plains;1
457;44;61;1;land;false;plains;1
458;159;78;1;land;false;hills;1
459;89;145;1;land;false;hills;1
460;145;124;1;land;false;plains;1
461;88;136;1;land;false;hills;1
462;53;187;1;land;false;hills;1
463;27;204;1;land;false;hills;1
464;153;247;1;land;false;hills;1
465;123;235;1;land;false;hills;1
466;122;251;1;land;false;hills;1
467;83;54;1;land;false;plains;1
468;18;75;1;land;false;plains;1
469;46;75;1;land;false;plains;1
470;28;97;1;land;false;plains;1
471;231;103;1;land;true;plains;1
472;232;144;1;land;true;plains;1
473;225;149;1;land;true;plains;1
474;226;153;1;land;false;plains;1
475;224;148;1;land;true;plains;1
476;121;158;1;land;false;mountain;1
477;222;23;1;land;true;desert;1
478;218;6;1;land;false;desert;1
479;180;1;1;land;true;desert;1
480;215;23;1;land;false;desert;1
481;77;55;1;land;false;plains;1
482;52;83;1;land;false;plains;1
483;107;101;1;land;false;plains;1
484;44;125;1;land;false;plains;1
485;154;156;1;land;false;mountain;1
486;25;224;1;land;false;plains;1
487;32;197;1;land;false;mountain;1
488;31;221;1;land;false;hills;1
489;244;51;1;land;true;plains;1
490;224;64;1;land;false;plains;1
491;182;22;1;land;true;plains;1
492;237;53;1;land;true;plains;1
493;110;129;1;land;false;plains;1
494;43;177;1;land;false;plains;1
495;107;122;1;land;false;plains;1
496;106;189;1;land;false;plains;1
497;123;252;1;land;false;hills;1
498;124;208;1;land;false;plains;1
499;135;220;1;land;false;plains;1
500;3;45;1;land;false;plains;1
501;8;78;1;land;false;plains;1
502;14;5;1;land;false;plains;1
503;249;77;1;land;false;plains;1
504;239;135;1;land;false;plains;1
505;99;165;1;land;false;plains;1
506;127;145;1;land;false;plains;1
507;132;189;1;land;false;plains;1
508;104;194;1;land;false;plains;1
509;250;189;1;land;false;plains;1
510;243;198;1;land;false;plains;1
511;225;227;1;land;false;plains;1
512;205;161;1;land;false;plains;1
513;227;232;1;land;false;plains;1
514;244;214;1;land;false;plains;1
515;153;22;1;land;false;mountain;1
516;166;9;1;land;false;mountain;1
517;123;0;1;land;false;hills;1
518;169;9;1;land;false;hills;1
519;119;40;1;land;false;plains;1
520;127;3;1;land;false;hills;1
521;115;18;1;land;false;mountain;1
522;230;130;1;land;true;plains;1
523;243;146;1;land;true;plains;1
524;206;119;1;land;true;plains;1
525;0;214;1;land;false;plains;1
526;63;207;1;land;false;plains;1
527;0;236;1;land;false;plains;1
528;58;187;1;land;false;plains;1
529;145;68;1;land;false;plains;1
530;143;96;1;land;false;plains;1
531;146;35;1;land;false;plains;1
532;126;50;1;land;false;plains;1
533;139;94;1;land;false;plains;1
534;26;120;1;land;true;plains;1
535;13;120;1;land;false;plains;1
536;61;159;1;land;false;plains;1
537;11;112;1;land;false;plains;1
538;114;236;1;land;false;mountain;1
539;138;248;1;land;false;hills;1
540;134;217;1;land;false;mountain;1
541;44;84;1;land;false;plains;1
542;28;43;1;land;false;plains;1
543;35;29;1;land;false;plains;1
544;20;96;1;land;false;plains;1
545;92;108;1;land;false;plains;1
546;120;127;1;land;true;plains;1
547;52;146;1;land;true;plains;1
548;77;150;1;land;false;plains;1
549;250;217;1;land;true;plains;1
550;229;17;1;land;false;plains;1
551;204;35;1;land;false;plains;1
552;234;38;1;land;true;plains;1
553;234;16;1;land;false;plains;1
554;158;2;1;land;true;plains;1
555;93;89;1;land;true;plains;1
556;123;83;1;land;true;plains;1
557;197;129;1;land;true;plains;1
558;184;77;1;land;true;plains;1
559;84;137;1;land;false;plains;1
560;117;157;1;land;false;plains;1
561;150;130;1;land;false;plains;1
562;189;61;1;land;true;forest;1
563;204;43;1;land;false;forest;1
564;34;88;1;land;false;plains;1
565;31;79;1;land;false;plains;1
566;32;89;1;land;false;plains;1
567;164;198;1;land;false;plains;1
568;192;195;1;land;true;plains;1
569;78;214;1;land;false;plains;1
570;93;252;1;land;false;plains;1
571;110;249;1;land;false;plains;1
572;141;223;1;land;false;plains;1
573;137;218;1;land;false;plains;1
574;135;57;1;land;true;plains;1
575;28;107;1;land;false;plains;1
576;22;127;1;land;true;plains;1
577;43;157;1;land;true;plains;1
578;53;121;1;land;true;plains;1
579;207;187;1;land;true;plains;1
580;226;185;1;land;false;plains;1
581;254;183;1;land;true;plains;1
582;249;231;1;land;false;plains;1
583;217;214;1;land;false;plains;1
584;135;11;1;land;false;plains;1
585;108;24;1;land;false;plains;1
586;184;87;1;land;false;mountain;1
587;166;115;1;land;false;plains;1
588;171;90;1;land;false;mountain;1
589;184;115;1;land;false;plains;1
590;35;181;1;land;false;plains;1
591;64;244;1;land;false;plains;1
592;35;238;1;land;false;plains;1
593;189;43;1;land;false;plains;1
594;178;57;1;land;true;plains;1
595;191;40;1;land;false;plains;1
596;194;30;1;land;true;plains;1
597;185;34;1;land;true;plains;1
598;22;80;1;land;true;plains;1
599;91;21;1;land;true;plains;1
600;50;57;1;land;false;plains;1
601;49;51;1;land;false;plains;1
602;242;110;1;land;true;plains;1
603;236;83;1;land;true;plains;1
604;195;77;1;land;false;plains;1
605;200;134;1;land;false;plains;1
606;188;170;1;land;false;hills;1
607;148;179;1;land;false;plains;1
608;41;254;1;land;false;plains;1
609;90;232;1;land;false;plains;1
610;59;232;1;land;false;plains;1
611;94;86;1;land;false;hills;1
612;93;44;1;land;false;hills;1
613;87;81;1;land;false;mountain;1
614;242;128;1;land;true;plains;1
615;222;103;1;land;false;plains;1
616;217;129;1;land;false;plains;1
617;197;162;1;land;false;mountain;1
618;207;163;1;land;false;plains;1
619;98;220;1;land;false;mountain;1
620;86;210;1;land;false;mountain;1
621;97;245;1;land;false;mountain;1
622;82;218;1;land;false;hills;1
623;45;20;1;land;false;plains;1
624;91;43;1;land;true;plains;1
625;82;89;1;land;true;plains;1
626;203;111;1;land;true;desert;1
627;241;87;1;land;true;desert;1
628;229;144;1;land;true;desert;1
629;201;88;1;land;false;desert;1
630;242;123;1;land;true;desert;1
631;248;98;1;land;true;desert;1
632;232;95;1;land;true;desert;1
633;190;166;1;land;false;plains;1
634;203;151;1;land;false;plains;1
635;203;158;1;land;false;plains;1
636;95;243;1;land;false;hills;1
637;147;52;1;land;false;plains;1
638;106;59;1;land;false;plains;1
639;39;135;1;land;false;plains;1
640;25;151;1;land;false;plains;1
641;220;155;1;land;false;mountain;1
642;199;206;1;land;false;hills;1
643;96;39;1;land;true;plains;1
644;142;0;1;land;false;plains;1
645;95;17;1;land;false;plains;1
646;39;40;1;land;false;plains;1
647;1;64;1;land;false;plains;1
648;9;6;1;land;false;plains;1
649;120;75;1;land;false;plains;1
650;185;102;1;land;true;plains;1
651;174;56;1;land;true;plains;1
652;150;132;1;land;false;plains;1
653;105;170;1;land;false;hills;1
654;126;189;1;land;false;plains;1
655;85;133;1;land;false;plains;1
656;44;215;1;land;false;plains;1
657;5;180;1;land;false;plains;1
658;10;227;1;land;false;plains;1
659;38;78;1;land;true;plains;1
660;78;45;1;land;true;plains;1
661;77;70;1;land;false;plains;1
662;231;95;1;land;true;plains;1
663;232;136;1;land;false;plains;1
664;119;187;1;land;true;plains;1
665;166;129;1;land;true;plains;1
666;178;129;1;land;false;plains;1
667;159;134;1;land;false;plains;1
668;190;127;1;land;false;plains;1
669;121;155;1;land;true;plains;1
670;21;232;1;land;false;plains;1
671;65;252;1;land;false;plains;1
672;78;222;1;land;false;plains;1
673;146;24;1;land;false;plains;1
674;180;41;1;land;false;plains;1
675;213;35;1;land;false;plains;1
676;172;14;1;land;false;plains;1
677;106;49;1;land;true;plains;1
678;36;146;1;land;false;plains;1
679;186;160;1;land;false;plains;1
680;144;207;1;land;false;plains;1
681;183;207;1;land;false;plains;1
682;220;163;1;land;true;plains;1
683;187;157;1;land;false;plains;1
684;186;209;1;land;false;plains;1
685;242;41;1;land;false;plains;1
686;231;53;1;land;false;plains;1
687;125;69;1;land;false;plains;1
688;139;106;1;land;false;plains;1
689;42;162;1;land;false;plains;1
690;34;129;1;land;false;hills;1
691;83;165;1;land;false;plains;1
692;207;166;1;land;false;plains;1
693;244;208;1;land;false;plains;1
694;245;199;1;land;false;plains;1
695;129;232;1;land;false;plains;1
696;210;74;1;land;false;mountain;1
697;219;7;1;land;false;mountain;1
698;233;62;1;land;false;mountain;1
699;219;73;1;land;false;hills;1
700;238;69;1;land;false;hills;1
701;218;13;1;land;false;mountain;1
702;223;104;1;land;false;plains;1
703;187;114;1;land;false;hills;1
704;166;96;1;land;false;hills;1
705;223;132;1;land;false;plains;1
706;92;189;1;land;false;plains;1
707;75;123;1;land;false;plains;1
708;87;165;1;land;false;plains;1
709;129;158;1;land;false;plains;1
710;117;207;1;land;false;plains;1
711;122;242;1;land;false;plains;1
712;49;81;1;land;true;plains;1
713;63;84;1;land;false;plains;1
714;56;38;1;land;false;plains;1
715;30;27;1;land;true;plains;1
716;248;125;1;land;false;plains;1
717;234;75;1;land;false;plains;1
718;234;87;1;land;false;plains;1
719;219;93;1;land;false;plains;1
720;140;186;1;land;false;plains;1
721;114;135;1;land;false;plains;1
722;105;202;1;land;false;plains;1
723;122;161;1;land;true;plains;1
724;31;215;1;land;false;plains;1
725;94;210;1;land;false;plains;1
726;22;55;1;land;true;plains;1
727;44;48;1;land;true;plains;1
728;11;41;1;land;true;plains;1
729;179;70;1;land;false;plains;1
730;191;70;1;land;false;forest;1
731;175;76;1;land;false;plains;1
732;200;86;1;land;false;plains;1
733;203;210;1;land;true;plains;1
734;158;165;1;land;true;plains;1
735;60;206;1;land;false;mountain;1
736;80;53;1;land;true;forest;1
737;216;129;1;land;false;plains;1
738;241;91;1;land;true;plains;1
739;44;134;1;land;true;desert;1
740;63;125;1;land;false;plains;1
741;77;153;1;land;true;plains;1
742;35;113;1;land;false;plains;1
743;62;159;1;land;true;plains;1
744;219;208;1;land;true;plains;1
745;245;202;1;land;false;plains;1
746;235;220;1;land;true;plains;1
747;78;42;1;land;false;plains;1
748;65;46;1;land;false;plains;1
749;60;99;1;land;false;plains;1
750;51;205;1;land;false;plains;1
751;39;192;1;land;false;plains;1
752;33;178;1;land;false;plains;1
753;53;204;1;land;false;plains;1
754;198;48;1;land;true;plains;1
755;113;114;1;land;true;plains;1
756;148;70;1;land;true;plains;1
757;94;46;1;land;true;plains;1
758;146;199;1;land;true;plains;1
759;68;195;1;land;false;plains;1
760;107;246;1;land;false;plains;1
761;62;198;1;land;false;plains;1
762;160;202;1;land;false;plains;1
763;153;192;1;land;false;plains;1
764;171;169;1;land;false;plains;1
765;178;210;1;land;false;mountain;1
766;41;21;1;land;false;plains;1
767;74;93;1;land;false;plains;1
768;21;87;1;land;false;plains;1
769;200;82;1;land;false;plains;1
770;185;95;1;land;false;hills;1
771;157;48;1;land;false;plains;1
772;165;116;1;land;true;plains;1
773;188;113;1;land;false;plains;1
774;38;160;1;land;false;hills;1
775;51;117;1;land;false;plains;1
776;59;120;1;land;false;plains;1
777;54;179;1;land;false;plains;1
778;195;18;1;land;false;plains;1
779;224;74;1;land;false;hills;1
780;180;72;1;land;false;hills;1
781;191;113;1;land;false;hills;1
782;247;73;1;land;false;hills;1
783;114;186;1;land;false;plains;1
784;145;151;1;land;false;plains;1
785;125;192;1;land;false;plains;1
786;71;124;1;land;false;plains;1
787;136;134;1;land;false;plains;1
788;52;238;1;land;false;plains;1
789;41;244;1;land;false;plains;1
790;75;238;1;land;false;plains;1
791;234;11;1;land;false;plains;1
792;158;69;1;land;false;plains;1
793;165;64;1;land;false;plains;1
794;69;123;1;land;false;plains;1
795;241;46;1;land;false;plains;1
796;172;53;1;land;false;plains;1
797;200;139;1;land;false;plains;1
798;226;72;1;land;false;plains;1
799;235;144;1;land;true;plains;1
800;214;85;1;land;false;plains;1
801;227;139;1;land;false;plains;1
802;55;209;1;land;false;plains;1
803;52;220;1;land;false;plains;1
804;88;188;1;land;false;plains;1
805;112;248;1;land;false;plains;1
806;214;76;1;land;false;plains;1
807;125;35;1;land;false;plains;1
808;139;29;1;land;false;plains;1
809;106;61;1;land;false;plains;1
810;111;98;1;land;false;plains;1
811;121;32;1;land;false;plains;1
812;20;156;1;land;false;plains;1
813;213;189;1;land;false;hills;1
814;237;151;1;land;false;hills;1
815;230;213;1;land;false;hills;1
816;204;212;1;land;false;mountain;1
817;239;223;1;land;false;mountain;1
818;209;151;1;land;false;plains;1
819;138;242;1;land;false;plains;1
820;182;40;1;land;false;hills;1
821;169;66;1;land;false;hills;1
822;175;96;1;land;false;mountain;1
823;142;73;1;land;false;mountain;1
824;172;107;1;land;false;mountain;1
825;139;65;1;land;false;mountain;1
826;146;118;1;land;false;mountain;1
827;159;43;1;land;false;mountain;1
828;23;145;1;land;true;plains;1
829;15;151;1;land;true;plains;1
830;78;161;1;land;false;plains;1
831;14;150;1;land;false;plains;1
832;16;182;1;land;false;plains;1
833;3;190;1;land;false;mountain;1
834;28;182;1;land;false;plains;1
835;2;230;1;land;false;plains;1
836;22;232;1;land;false;plains;1
837;123;20;1;land;true;plains;1
838;193;24;1;land;true;plains;1
839;35;47;1;land;true;plains;1
840;50;65;1;land;true;plains;1
841;193;142;1;land;false;hills;1
842;166;101;1;land;false;plains;1
843;220;98;1;land;false;plains;1
844;154;88;1;land;true;plains;1
845;157;127;1;land;false;forest;1
846;16;227;1;land;false;forest;1
847;26;242;1;land;false;hills;1
848;1;196;1;land;false;hills;1
849;22;242;1;land;false;forest;1
850;18;234;1;land;false;forest;1
851;34;90;1;land;false;plains;1
852;69;65;1;land;false;plains;1
853;238;152;1;land;false;plains;1
854;209;123;1;land;false;plains;1
855;253;118;1;land;false;plains;1
856;247;107;1;land;false;plains;1
857;217;83;1;land;false;plains;1
858;156;194;1;land;false;plains;1
859;186;139;1;land;true;plains;1
860;160;181;1;land;false;plains;1
861;148;189;1;land;true;plains;1
862;155;161;1;land;false;plains;1
863;55;201;1;land;false;plains;1
864;97;222;1;land;false;plains;1
865;110;245;1;land;true;plains;1
866;239;14;1;land;false;plains;1
867;216;29;1;land;false;plains;1
868;121;107;1;land;false;plains;1
869;124;50;1;land;false;plains;1
870;67;102;1;land;false;plains;1
871;52;151;1;land;false;plains;1
872;95;147;1;land;false;plains;1
873;189;216;1;land;false;plains;1
874;184;181;1;land;false;mountain;1
875;179;158;1;land;false;plains;1
876;245;46;1;land;false;plains;1
877;155;69;1;land;false;plains;1
878;114;122;1;land;false;plains;1
879;110;179;1;land;false;plains;1
880;73;144;1;land;false;plains;1
881;215;190;1;land;false;plains;1
882;250;186;1;land;false;plains;1
883;231;216;1;land;false;plains;1
884;219;217;1;land;false;plains;1
885;236;197;1;land;false;plains;1
886;19;222;1;land;true;plains;1
887;32;242;1;land;true;plains;1
888;7;184;1;land;false;plains;1
889;5;203;1;land;false;plains;1
890;153;30;1;land;false;plains;1
891;173;22;1;land;false;plains;1
892;94;107;1;land;true;plains;1
893;25;130;1;land;false;plains;1
894;18;126;1;land;false;plains;1
895;8;103;1;land;false;hills;1
896;16;113;1;land;false;plains;1
897;49;183;1;land;false;plains;1
898;228;62;1;land;false;plains;1
899;222;11;1;land;false;plains;1
900;171;49;1;land;false;plains;1
901;218;60;1;land;false;plains;1
902;202;3;1;land;false;plains;1
903;175;44;1;land;false;hills;1
904;177;112;1;land;false;plains;1
905;140;105;1;land;false;plains;1
906;66;118;1;land;true;plains;1
907;31;149;1;land;false;plains;1
908;58;149;1;land;false;plains;1
909;98;120;1;land;false;plains;1
910;62;162;1;land;false;hills;1
911;36;130;1;land;false;plains;1
912;53;120;1;land;false;plains;1
913;183;198;1;land;true;plains;1
914;108;245;1;land;false;plains;1
915;122;229;1;land;false;plains;1
916;116;212;1;land;false;plains;1
917;7;43;1;land;false;plains;1
918;45;18;1;land;false;hills;1
919;34;48;1;land;false;plains;1
920;231;67;1;land;false;plains;1
921;226;94;1;land;false;plains;1
922;213;223;1;land;false;plains;1
923;248;218;1;land;false;plains;1
924;207;172;1;land;false;plains;1
925;115;250;1;land;false;plains;1
926;147;240;1;land;false;hills;1
927;160;224;1;land;false;plains;1
928;111;246;1;land;false;plains;1
929;141;216;1;land;false;mountain;1
930;56;35;1;land;true;plains;1
931;54;37;1;land;false;plains;1
932;53;27;1;land;false;plains;1
933;253;137;1;land;false;mountain;1
934;215;141;1;land;false;mountain;1
935;225;148;1;land;false;mountain;1
936;72;175;1;land;false;plains;1
937;143;152;1;land;false;plains;1
938;9;181;1;land;false;plains;1
939;5;175;1;land;false;mountain;1
940;12;245;1;land;false;hills;1
941;34;246;1;land;false;plains;1
942;13;185;1;land;false;hills;1
943;234;21;1;land;false;plains;1
944;219;41;1;land;false;plains;1
945;81;49;1;land;true;plains;1
946;174;153;1;land;true;plains;1
947;121;135;1;land;true;plains;1
948;6;213;1;land;false;plains;1
949;49;215;1;land;false;plains;1
950;24;217;1;land;false;plains;1
951;6;229;1;land;false;plains;1
952;46;220;1;land;false;plains;1
953;78;236;1;land;false;plains;1
954;8;192;1;land;false;plains;1
955;139;110;1;land;false;plains;1
956;165;126;1;land;true;plains;1
957;51;93;1;land;false;hills;1
958;26;114;1;land;false;hills;1
959;60;81;1;land;false;plains;1
960;54;122;1;land;false;plains;1
961;45;130;1;land;false;forest;1
962;2;158;1;land;false;mountain;1
963;24;106;1;land;false;plains;1
964;31;107;1;land;false;hills;1
965;33;116;1;land;false;hills;1
966;10;110;1;land;false;hills;1
967;202;177;1;land;true;plains;1
968;93;232;1;land;false;plains;1
969;119;226;1;land;false;plains;1
970;123;254;1;land;false;plains;1
971;21;13;1;land;false;plains;1
972;39;127;1;land;false;hills;1
973;102;130;1;land;false;hills;1
974;58;143;1;land;false;hills;1
975;180;171;1;land;false;plains;1
976;195;187;1;land;false;plains;1
977;197;201;1;land;false;plains;1
978;176;24;1;land;false;hills;1
979;200;19;1;land;false;plains;1
980;161;19;1;land;false;plains;1
981;141;2;1;land;false;plains;1
982;146;2;1;land;false;plains;1
983;154;38;1;land;false;plains;1
984;179;13;1;land;false;plains;1
985;194;28;1;land;false;plains;1
986;132;5;1;land;false;plains;1
987;209;18;1;land;false;mountain;1
988;191;3;1;land;false;plains;1
989;72;80;1;land;false;mountain;1
990;47;72;1;land;false;mountain;1
991;100;101;1;land;false;hills;1
992;54;63;1;land;false;hills;1
993;65;60;1;land;false;hills;1
994;29;108;1;land;false;hills;1
995;55;165;1;land;false;hills;1
996;58;164;1;land;false;plains;1
997;41;93;1;land;false;hills;1
998;191;202;1;land;false;plains;1
999;199;200;1;land;false;plains;1
1000;181;241;1;land;false;plains;1
1001;160;251;1;land;false;plains;1
1002;44;75;1;land;false;plains;1
1003;93;121;1;land;false;plains;1
1004;90;147;1;land;false;plains;1
1005;120;151;1;land;true;plains;1
1006;123;119;1;land;true;plains;1
1007;221;213;1;land;false;plains;1
1008;245;219;1;land;true;plains;1
1009;253;192;1;land;false;hills;1
1010;92;58;1;land;false;plains;1
1011;110;110;1;land;false;mountain;1
1012;191;116;1;land;false;plains;1
1013;202;130;1;land;false;plains;1
1014;197;141;1;land;false;hills;1
1015;213;120;1;land;false;hills;1
1016;154;163;1;land;false;hills;1
1017;95;184;1;land;false;hills;1
1018;162;153;1;land;false;hills;1
1019;151;197;1;land;false;plains;1
1020;87;239;1;land;false;hills;1
1021;105;186;1;land;false;plains;1
1022;234;68;1;land;false;plains;1
1023;16;143;1;land;false;mountain;1
1024;13;91;1;land;false;mountain;1
1025;192;201;1;land;false;plains;1
1026;125;185;1;land;false;plains;1
1027;127;224;1;land;false;plains;1
1028;145;223;1;land;false;plains;1
1029;19;53;1;land;false;plains;1
1030;11;65;1;land;false;plains;1
1031;140;55;1;land;true;plains;1
1032;21;159;1;land;false;plains;1
1033;2;138;1;land;false;plains;1
1034;229;190;1;land;false;plains;1
1035;239;221;1;land;false;plains;1
1036;154;2;1;land;true;plains;1
1037;198;95;1;land;true;plains;1
1038;198;101;1;land;false;plains;1
1039;159;89;1;land;true;plains;1
1040;64;160;1;land;false;mountain;1
1041;105;179;1;land;false;hills;1
1042;102;148;1;land;false;plains;1
1043;88;145;1;land;false;mountain;1
1044;84;145;1;land;false;plains;1
1045;112;187;1;land;false;mountain;1
1046;110;189;1;land;false;hills;1
1047;8;181;1;land;true;forest;1
1048;184;30;1;land;true;plains;1
1049;46;13;1;land;false;plains;1
1050;36;55;1;land;false;plains;1
1051;231;139;1;land;false;plains;1
1052;204;198;1;land;false;plains;1
1053;141;159;1;land;false;plains;1
1054;38;228;1;land;true;plains;1
1055;116;91;1;land;false;mountain;1
1056;90;73;1;land;false;hills;1
1057;87;21;1;land;false;hills;1
1058;135;79;1;land;false;plains;1
1059;123;87;1;land;false;mountain;1
1060;10;160;1;land;false;plains;1
1061;15;94;1;land;false;hills;1
1062;37;144;1;land;false;plains;1
1063;174;166;1;land;false;plains;1
1064;67;232;1;land;false;plains;1
1065;90;218;1;land;false;plains;1
1066;22;78;1;land;false;plains;1
1067;25;45;1;land;true;plains;1
1068;18;50;1;land;false;plains;1
1069;35;34;1;land;true;plains;1
1070;61;62;1;land;true;plains;1
1071;18;65;1;land;true;plains;1
1072;205;114;1;land;false;plains;1
1073;204;84;1;land;false;plains;1
1074;125;154;1;land;false;plains;1
1075;111;175;1;land;false;plains;1
1076;118;202;1;land;false;plains;1
1077;151;218;1;land;false;plains;1
1078;64;63;1;land;false;plains;1
1079;68;71;1;land;false;plains;1
1080;27;44;1;land;false;hills;1
1081;44;108;1;land;false;plains;1
1082;38;157;1;land;false;plains;1
1083;37;146;1;land;false;plains;1
1084;168;185;1;land;true;plains;1
1085;164;220;1;land;true;plains;1
1086;28;233;1;land;false;plains;1
1087;54;220;1;land;false;plains;1
1088;67;172;1;land;false;plains;1
1089;1;176;1;land;false;plains;1
1090;195;28;1;land;true;plains;1
1091;178;84;1;land;true;plains;1
1092;25;125;1;land;false;mountain;1
1093;59;160;1;land;false;mountain;1
1094;244;21;1;land;true;plains;1
1095;161;97;1;land;false;plains;1
1096;88;117;1;land;false;plains;1
1097;247;187;1;land;false;plains;1
1098;231;208;1;land;false;plains;1
1099;239;201;1;land;false;plains;1
1100;89;215;1;land;false;plains;1
1101;148;246;1;land;false;plains;1
1102;55;19;1;land;false;mountain;1
1103;192;86;1;land;false;plains;1
1104;214;126;1;land;false;hills;1
1105;247;140;1;land;false;plains;1
1106;222;80;1;land;false;plains;1
1107;4;234;1;land;true;plains;1
1108;33;202;1;land;false;plains;1
1109;18;169;1;land;false;plains;1
1110;21;230;1;land;true;plains;1
1111;145;33;1;land;false;plains;1
1112;128;34;1;land;false;plains;1
1113;191;11;1;land;false;plains;1
1114;131;28;1;land;false;plains;1
1115;115;23;1;land;false;plains;1
1116;141;31;1;land;false;plains;1
1117;146;42;1;land;false;plains;1
1118;116;42;1;land;false;plains;1
1119;25;124;1;land;false;plains;1
1120;9;119;1;land;false;plains;1
1121;30;159;1;land;false;plains;1
1122;40;114;1;land;false;plains;1
1123;145;182;1;land;false;plains;1
1124;41;249;1;land;false;plains;1
1125;220;23;1;land;false;plains;1
1126;141;61;1;land;false;mountain;1
1127;123;105;1;land;false;hills;1
1128;182;208;1;land;true;plains;1
1129;75;215;1;land;false;mountain;1
1130;40;197;1;land;false;plains;1
1131;45;213;1;land;false;plains;1
1132;50;213;1;land;false;hills;1
1133;9;55;1;land;false;plains;1
1134;24;25;1;land;false;plains;1
1135;163;85;1;land;false;hills;1
1136;173;121;1;land;false;hills;1
1137;195;82;1;land;false;hills;1
1138;215;11;1;land;false;hills;1
1139;215;60;1;land;false;hills;1
1140;123;116;1;land;true;plains;1
1141;124;61;1;land;false;plains;1
1142;109;43;1;land;false;plains;1
1143;71;81;1;land;false;plains;1
1144;17;149;1;land;false;mountain;1
1145;11;127;1;land;false;mountain;1
1146;39;190;1;land;false;plains;1
1147;80;246;1;land;false;plains;1
1148;30;21;1;land;false;hills;1
1149;44;35;1;land;false;plains;1
1150;107;128;1;land;false;mountain;1
1151;161;88;1;land;false;plains;1
1152;113;72;1;land;false;plains;1
1153;183;127;1;land;false;plains;1
1154;153;109;1;land;false;plains;1
1155;141;60;1;land;false;hills;1
1156;65;131;1;land;false;plains;1
1157;54;135;1;land;false;plains;1
1158;111;241;1;land;false;mountain;1
1159;76;253;1;land;false;mountain;1
1160;74;245;1;land;false;mountain;1
1161;165;215;1;land;false;plains;1
1162;145;253;1;land;false;plains;1
1163;39;54;1;land;false;plains;1
1164;20;72;1;land;false;plains;1
1165;175;123;1;land;true;desert;1
1166;191;104;1;land;true;desert;1
1167;188;144;1;land;false;plains;1
1168;27;65;1;land;true;plains;1
1169;38;163;1;land;true;plains;1
1170;116;236;1;land;false;plains;1
1171;89;121;1;land;false;plains;1
1172;65;96;1;land;false;plains;1
1173;171;190;1;land;false;plains;1
1174;112;183;1;land;false;plains;1
1175;146;159;1;land;false;plains;1
1176;106;231;1;land;false;plains;1
1177;105;210;1;land;true;plains;1
1178;198;36;1;land;false;mountain;1
1179;104;101;1;land;false;plains;1
1180;152;63;1;land;false;plains;1
1181;165;133;1;land;false;plains;1
1182;165;193;1;land;false;plains;1
1183;16;175;1;land;false;plains;1
1184;16;233;1;land;false;plains;1
1185;114;26;1;land;false;plains;1
1186;130;40;1;land;false;plains;1
1187;35;77;1;land;true;plains;1
1188;34;27;1;land;true;plains;1
1189;29;167;1;land;false;plains;1
1190;73;123;1;land;true;plains;1
1191;87;163;1;land;false;plains;1
1192;98;151;1;land;false;plains;1
1193;84;197;1;land;false;plains;1
1194;125;15;1;land;false;plains;1
1195;178;25;1;land;false;plains;1
1196;77;49;1;land;false;plains;1
1197;86;77;1;land;false;plains;1
1198;64;142;1;land;false;plains;1
1199;96;131;1;land;false;plains;1
1200;35;127;1;land;false;plains;1
1201;155;214;1;land;true;plains;1
1202;194;172;1;land;false;plains;1
1203;97;223;1;land;true;plains;1
1204;148;74;1;land;true;plains;1
1205;115;102;1;land;true;plains;1
1206;74;171;1;land;false;plains;1
1207;76;111;1;land;false;plains;1
1208;111;152;1;land;false;plains;1
1209;102;157;1;land;false;plains;1
1210;178;209;1;land;false;plains;1
1211;240;240;1;land;true;plains;1
1212;132;27;1;land;false;plains;1
1213;132;18;1;land;false;plains;1
1214;182;109;1;land;false;mountain;1
1215;248;100;1;land;true;plains;1
1216;80;165;1;land;false;plains;1
1217;125;131;1;land;false;plains;1
1218;79;177;1;land;false;plains;1
1219;73;180;1;land;false;plains;1
1220;133;190;1;land;false;plains;1
1221;105;148;1;land;false;plains;1
1222;233;197;1;land;false;plains;1
1223;222;202;1;land;false;plains;1
1224;78;22;1;land;false;plains;1
1225;29;53;1;land;false;hills;1
1226;44;110;1;land;false;hills;1
1227;65;105;1;land;false;plains;1
1228;169;189;1;land;true;plains;1
1229;147;171;1;land;false;plains;1
1230;114;199;1;land;true;plains;1
1231;10;236;1;land;false;mountain;1
1232;166;106;1;land;false;hills;1
1233;133;91;1;land;false;hills;1
1234;50;129;1;land;true;plains;1
1235;44;106;1;land;true;plains;1
1236;14;141;1;land;true;plains;1
1237;183;215;1;land;false;plains;1
1238;199;205;1;land;false;plains;1
1239;211;156;1;land;false;plains;1
1240;142;164;1;land;false;plains;1
1241;203;194;1;land;false;plains;1
1242;183;27;1;land;true;plains;1
1243;182;65;1;land;true;plains;1
1244;79;116;1;land;false;plains;1
1245;210;175;1;land;false;plains;1
1246;220;210;1;land;false;plains;1
1247;252;196;1;land;false;plains;1
1248;22;52;1;land;false;plains;1
1249;11;59;1;land;false;plains;1
1250;31;26;1;land;false;plains;1
1251;112;26;1;land;false;plains;1
1252;178;75;1;land;false;hills;1
1253;62;127;1;land;false;plains;1
1254;84;129;1;land;false;plains;1
1255;94;138;1;land;false;plains;1
1256;159;202;1;land;false;plains;1
1257;171;204;1;land;false;plains;1
1258;157;247;1;land;false;plains;1
1259;81;73;1;land;false;plains;1
1260;125;61;1;land;false;plains;1
1261;96;43;1;land;false;plains;1
1262;201;120;1;land;true;plains;1
1263;94;185;1;land;true;plains;1
1264;166;253;1;land;false;plains;1
1265;202;227;1;land;false;plains;1
1266;197;213;1;land;false;plains;1
1267;108;90;1;land;false;plains;1
1268;201;111;1;land;false;plains;1
1269;186;92;1;land;false;plains;1
1270;151;182;1;land;false;plains;1
1271;133;162;1;land;false;plains;1
1272;130;185;1;land;false;plains;1
1273;129;240;1;land;false;plains;1
1274;144;233;1;land;false;plains;1
1275;117;85;1;land;false;plains;1
1276;125;33;1;land;true;plains;1
1277;4;102;1;land;false;plains;1
1278;12;101;1;land;false;plains;1
1279;182;167;1;land;false;plains;1
1280;178;159;1;land;false;plains;1
1281;165;162;1;land;false;plains;1
1282;151;181;1;land;false;plains;1
1283;168;34;1;land;false;plains;1
1284;205;22;1;land;false;plains;1
1285;54;51;1;land;false;plains;1
1286;141;76;1;land;true;plains;1
1287;136;117;1;land;false;plains;1
1288;45;118;1;land;false;plains;1
1289;46;222;1;land;true;plains;1
1290;98;239;1;land;true;plains;1
1291;97;73;1;land;true;plains;1
1292;65;11;1;land;false;plains;1
1293;151;118;1;land;false;plains;1
1294;209;76;1;land;false;plains;1
1295;150;95;1;land;false;plains;1
1296;155;88;1;land;false;plains;1
1297;88;149;1;land;false;plains;1
1298;46;176;1;land;false;plains;1
1299;47;162;1;land;false;plains;1
1300;118;166;1;land;false;plains;1
1301;84;127;1;land;false;plains;1
1302;96;159;1;land;false;plains;1
1303;135;218;1;land;false;plains;1
1304;192;0;1;land;true;plains;1
1305;185;38;1;land;true;plains;1
1306;235;22;1;land;true;plains;1
1307;181;37;1;land;true;plains;1
1308;21;75;1;land;false;hills;1
1309;41;80;1;land;false;hills;1
1310;29;81;1;land;false;hills;1
1311;241;155;1;land;false;plains;1
1312;253;212;1;land;false;plains;1
1313;220;22;1;land;false;plains;1
1314;248;27;1;land;false;plains;1
1315;236;0;1;land;false;plains;1
1316;70;83;1;land;false;plains;1
1317;71;53;1;land;false;plains;1
1318;53;54;1;land;false;plains;1
1319;119;116;1;land;false;plains;1
1320;63;42;1;land;false;plains;1
1321;101;110;1;land;false;plains;1
1322;248;122;1;land;false;plains;1
1323;221;129;1;land;false;desert;1
1324;69;193;1;land;false;plains;1
1325;47;207;1;land;true;plains;1
1326;19;221;1;land;true;plains;1
1327;150;212;1;land;true;plains;1
1328;113;221;1;land;true;plains;1
1329;117;227;1;land;true;plains;1
1330;245;11;1;land;true;plains;1
1331;234;25;1;land;true;plains;1
1332;196;28;1;land;true;plains;1
1333;229;49;1;land;false;plains;1
1334;112;124;1;land;false;plains;1
1335;179;189;1;land;false;plains;1
1336;209;161;1;land;false;plains;1
1337;139;172;1;land;false;plains;1
1338;185;229;1;land;false;mountain;1
1339;140;243;1;land;false;mountain;1
1340;198;245;1;land;false;mountain;1
1341;150;234;1;land;false;mountain;1
1342;47;19;1;land;false;plains;1
1343;40;72;1;land;false;plains;1
1344;155;129;1;land;false;mountain;1
1345;180;177;1;land;false;plains;1
1346;224;208;1;land;false;plains;1
1347;155;192;1;land;false;plains;1
1348;203;195;1;land;false;hills;1
1349;33;215;1;land;true;plains;1
1350;58;199;1;land;false;plains;1
1351;179;27;1;land;false;plains;1
1352;219;1;1;land;true;plains;1
1353;219;127;1;land;false;plains;1
1354;242;91;1;land;false;plains;1
1355;185;205;1;land;false;plains;1
1356;248;147;1;land;false;plains;1
1357;202;166;1;land;false;hills;1
1358;205;189;1;land;false;mountain;1
1359;184;169;1;land;false;plains;1
1360;217;188;1;land;false;plains;1
1361;229;184;1;land;false;mountain;1
1362;186;198;1;land;false;plains;1
1363;228;220;1;land;false;plains;1
1364;98;218;1;land;true;plains;1
1365;239;19;1;land;false;plains;1
1366;205;28;1;land;false;plains;1
1367;55;94;1;land;false;plains;1
1368;43;89;1;land;false;plains;1
1369;52;88;1;land;false;plains;1
1370;90;160;1;land;false;plains;1
1371;211;183;1;land;true;plains;1
1372;72;36;1;land;false;plains;1
1373;145;22;1;land;false;plains;1
1374;186;110;1;land;false;plains;1
1375;209;195;1;land;false;plains;1
1376;247;238;1;land;false;plains;1
1377;221;230;1;land;false;plains;1
1378;156;15;1;land;false;plains;1
1379;225;48;1;land;false;plains;1
1380;169;69;1;land;false;plains;1
1381;159;68;1;land;false;plains;1
1382;203;59;1;land;false;plains;1
1383;41;137;1;land;true;plains;1
1384;121;199;1;land;true;plains;1
1385;101;156;1;land;false;plains;1
1386;59;226;1;land;true;plains;1
1387;67;76;1;land;true;plains;1
1388;83;41;1;land;true;plains;1
1389;86;82;1;land;false;plains;1
1390;60;120;1;land;false;plains;1
1391;26;93;1;land;false;plains;1
1392;45;164;1;land;false;plains;1
1393;85;99;1;land;false;plains;1
1394;172;155;1;land;false;mountain;1
1395;57;218;1;land;false;mountain;1
1396;39;251;1;land;false;plains;1
1397;72;227;1;land;false;mountain;1
1398;30;204;1;land;false;plains;1
1399;95;226;1;land;false;hills;1
1400;86;206;1;land;false;plains;1
1401;77;239;1;land;false;hills;1
1402;87;248;1;land;false;mountain;1
1403;35;242;1;land;false;mountain;1
1404;102;205;1;land;false;plains;1
1405;61;248;1;land;false;plains;1
1406;69;236;1;land;false;mountain;1
1407;60;209;1;land;false;plains;1
1408;40;237;1;land;false;hills;1
1409;101;22;1;land;false;hills;1
1410;141;84;1;land;false;hills;1
1411;212;110;1;land;false;plains;1
1412;210;106;1;land;false;plains;1
1413;184;73;1;land;false;plains;1
1414;158;79;1;land;false;plains;1
1415;45;109;1;land;false;plains;1
1416;72;109;1;land;false;plains;1
1417;51;145;1;land;false;plains;1
1418;187;203;1;land;false;plains;1
1419;198;229;1;land;false;plains;1
1420;212;15;1;land;true;plains;1
1421;244;132;1;land;false;plains;1
1422;237;135;1;land;false;plains;1
1423;99;188;1;land;false;hills;1
1424;43;150;1;land;false;mountain;1
1425;74;148;1;land;false;mountain;1
1426;111;172;1;land;false;plains;1
1427;45;174;1;land;false;plains;1
1428;76;152;1;land;false;mountain;1
1429;79;141;1;land;false;mountain;1
1430;59;167;1;land;false;plains;1
1431;235;187;1;land;true;plains;1
1432;64;27;1;land;true;plains;1
1433;52;35;1;land;true;plains;1
1434;181;107;1;land;false;plains;1
1435;89;138;1;land;false;mountain;1
1436;103;144;1;land;false;hills;1
1437;90;129;1;land;false;hills;1
1438;34;41;1;land;true;plains;1
1439;54;67;1;land;true;plains;1
1440;36;114;1;land;false;plains;1
1441;74;204;1;land;false;plains;1
1442;77;207;1;land;false;plains;1
1443;30;244;1;land;false;plains;1
1444;41;202;1;land;false;plains;1
1445;32;251;1;land;false;mountain;1
1446;38;200;1;land;false;mountain;1
1447;63;25;1;land;true;plains;1
1448;155;94;1;land;false;plains;1
1449;175;50;1;land;false;mountain;1
1450;131;39;1;land;false;hills;1
1451;208;147;1;land;false;plains;1
1452;115;203;1;land;false;plains;1
1453;146;200;1;land;true;plains;1
1454;121;197;1;land;true;plains;1
1455;226;23;1;land;true;plains;1
1456;202;85;1;land;false;plains;1
1457;62;172;1;land;false;plains;1
1458;33;150;1;land;false;plains;1
1459;201;165;1;land;true;plains;1
1460;206;160;1;land;true;plains;1
1461;216;26;1;land;false;plains;1
1462;215;7;1;land;false;plains;1
1463;58;24;1;land;false;plains;1
1464;165;139;1;land;true;plains;1
1465;170;75;1;land;false;plains;1
1466;185;78;1;land;false;plains;1
1467;86;126;1;land;true;plains;1
1468;84;147;1;land;false;plains;1
1469;106;236;1;land;false;plains;1
1470;94;188;1;land;false;plains;1
1471;58;91;1;land;false;plains;1
1472;73;87;1;land;false;plains;1
1473;107;88;1;land;false;plains;1
1474;75;81;1;land;false;plains;1
1475;88;72;1;land;false;plains;1
1476;108;78;1;land;false;plains;1
1477;76;36;1;land;false;hills;1
1478;191;131;1;land;false;plains;1
1479;230;92;1;land;false;plains;1
1480;220;119;1;land;false;plains;1
1481;178;94;1;land;false;plains;1
1482;205;111;1;land;false;plains;1
1483;163;144;1;land;false;plains;1
1484;197;152;1;land;false;plains;1
1485;112;132;1;land;false;plains;1
1486;127;147;1;land;true;plains;1
1487;75;135;1;land;false;plains;1
1488;182;210;1;land;false;plains;1
1489;220;40;1;land;false;plains;1
1490;191;10;1;land;false;plains;1
1491;113;89;1;land;true;plains;1
1492;99;51;1;land;false;plains;1
1493;107;73;1;land;false;plains;1
1494;92;54;1;land;false;plains;1
1495;68;74;1;land;false;plains;1
1496;43;71;1;land;false;plains;1
1497;216;156;1;land;false;plains;1
1498;237;158;1;land;false;hills;1
1499;217;141;1;land;false;plains;1
1500;238;125;1;land;false;plains;1
1501;208;164;1;land;false;plains;1
1502;253;135;1;land;false;plains;1
1503;204;133;1;land;false;plains;1
1504;49;180;1;land;false;plains;1
1505;63;215;1;land;false;plains;1
1506;38;43;1;land;true;plains;1
1507;143;92;1;land;false;plains;1
1508;150;64;1;land;false;plains;1
1509;143;115;1;land;true;plains;1
1510;138;91;1;land;false;plains;1
1511;150;70;1;land;true;plains;1
1512;37;152;1;land;false;plains;1
1513;30;116;1;land;false;plains;1
1514;10;106;1;land;false;plains;1
1515;60;143;1;land;false;plains;1
1516;37;181;1;land;false;forest;1
1517;42;233;1;land;false;plains;1
1518;28;190;1;land;false;plains;1
1519;29;229;1;land;false;plains;1
1520;45;190;1;land;false;plains;1
1521;19;211;1;land;false;plains;1
1522;71;178;1;land;false;plains;1
1523;62;192;1;land;false;plains;1
1524;72;77;1;land;false;plains;1
1525;96;166;1;land;true;plains;1
1526;79;219;1;land;false;plains;1
1527;58;251;1;land;false;plains;1
1528;56;63;1;land;false;hills;1
1529;68;61;1;land;false;hills;1
1530;102;107;1;land;false;plains;1
1531;166;160;1;land;false;plains;1
1532;233;214;1;land;false;plains;1
1533;186;166;1;land;true;plains;1
1534;23;254;1;land;false;mountain;1
1535;64;211;1;land;false;mountain;1
1536;1;112;1;land;false;plains;1
1537;5;124;1;land;false;plains;1
1538;30;80;1;land;true;plains;1
1539;214;179;1;land;false;mountain;1
1540;235;170;1;land;false;mountain;1
1541;61;224;1;land;false;plains;1
1542;128;231;1;land;true;plains;1
1543;7;50;1;land;false;hills;1
1544;85;153;1;land;true;plains;1
1545;64;106;1;land;true;plains;1
1546;117;155;1;land;true;plains;1
1547;215;216;1;land;false;plains;1
1548;109;14;1;land;false;plains;1
1549;156;57;1;land;false;plains;1
1550;179;166;1;land;false;hills;1
1551;159;133;1;land;false;plains;1
1552;56;216;1;land;false;hills;1
1553;50;221;1;land;false;plains;1
1554;20;234;1;land;false;plains;1
1555;141;23;1;land;false;plains;1
1556;187;54;1;land;false;plains;1
1557;204;25;1;land;false;plains;1
1558;214;59;1;land;false;plains;1
1559;246;71;1;land;true;plains;1
1560;190;122;1;land;true;plains;1
1561;75;101;1;land;false;plains;1
1562;51;153;1;land;false;plains;1
1563;84;201;1;land;false;plains;1
1564;81;89;1;land;false;plains;1
1565;76;30;1;land;false;plains;1
1566;52;98;1;land;false;plains;1
1567;161;226;1;land;false;hills;1
1568;166;179;1;land;false;mountain;1
1569;167;217;1;land;false;mountain;1
1570;209;172;1;land;false;plains;1
1571;113;224;1;land;false;plains;1
1572;122;44;1;land;true;plains;1
1573;37;126;1;land;false;mountain;1
1574;187;204;1;land;false;plains;1
1575;212;221;1;land;false;plains;1
1576;202;208;1;land;false;plains;1
1577;123;215;1;land;true;desert;1
1578;89;250;1;land;true;desert;1
1579;90;211;1;land;true;desert;1
1580;131;91;1;land;false;plains;1
1581;144;116;1;land;false;plains;1
1582;78;175;1;land;true;plains;1
1583;182;183;1;land;false;plains;1
1584;157;13;1;land;false;desert;1
1585;161;18;1;land;false;plains;1
1586;185;76;1;land;false;plains;1
1587;130;115;1;land;false;mountain;1
1588;134;115;1;land;false;plains;1
1589;200;88;1;land;false;plains;1
1590;193;41;1;land;false;plains;1
1591;234;136;1;land;false;plains;1
1592;78;199;1;land;false;plains;1
1593;118;147;1;land;false;plains;1
1594;24;213;1;land;false;plains;1
1595;31;217;1;land;false;plains;1
1596;31;30;1;land;false;plains;1
1597;47;57;1;land;false;plains;1
1598;58;147;1;land;false;hills;1
1599;151;187;1;land;false;plains;1
1600;114;209;1;land;false;plains;1
1601;102;166;1;land;false;plains;1
1602;130;177;1;land;false;plains;1
1603;33;236;1;land;true;plains;1
1604;11;240;1;land;true;plains;1
1605;93;15;1;land;false;mountain;1
1606;81;11;1;land;false;plains;1
1607;68;11;1;land;false;plains;1
1608;115;13;1;land;false;mountain;1
1609;98;22;1;land;false;plains;1
1610;114;45;1;land;false;plains;1
1611;115;40;1;land;false;mountain;1
1612;115;47;1;land;false;mountain;1
1613;176;43;1;land;true;plains;1
1614;134;69;1;land;true;plains;1
1615;55;125;1;land;false;hills;1
1616;48;154;1;land;false;hills;1
1617;16;98;1;land;false;plains;1
1618;4;110;1;land;false;plains;1
1619;150;187;1;land;false;plains;1
1620;171;177;1;land;false;plains;1
1621;234;46;1;land;false;plains;1
1622;215;61;1;land;false;plains;1
1623;214;122;1;land;false;plains;1
1624;199;77;1;land;true;plains;1
1625;212;93;1;land;false;plains;1
1626;64;144;1;land;true;plains;1
1627;33;184;1;land;false;plains;1
1628;252;197;1;land;true;plains;1
1629;40;37;1;land;false;plains;1
1630;43;47;1;land;false;plains;1
1631;35;20;1;land;false;plains;1
1632;54;28;1;land;true;plains;1
1633;227;147;1;land;false;plains;1
1634;92;166;1;land;false;plains;1
1635;73;139;1;land;false;mountain;1
1636;92;124;1;land;false;mountain;1
1637;95;198;1;land;false;plains;1
1638;97;164;1;land;false;plains;1
1639;87;159;1;land;false;plains;1
1640;152;239;1;land;true;plains;1
1641;102;217;1;land;true;plains;1
1642;149;243;1;land;false;plains;1
1643;135;99;1;land;false;plains;1
1644;152;33;1;land;false;plains;1
1645;122;47;1;land;false;plains;1
1646;148;37;1;land;false;plains;1
1647;221;144;1;land;false;plains;1
1648;254;116;1;land;false;plains;1
1649;212;144;1;land;false;plains;1
1650;218;112;1;land;false;plains;1
1651;140;217;1;land;false;plains;1
1652;134;157;1;land;false;plains;1
1653;150;249;1;land;false;plains;1
1654;141;225;1;land;false;mountain;1
1655;171;216;1;land;false;mountain;1
1656;154;229;1;land;false;mountain;1
1657;245;70;1;land;true;plains;1
1658;250;60;1;land;true;plains;1
1659;126;73;1;land;false;plains;1
1660;198;178;1;land;false;hills;1
1661;219;192;1;land;false;plains;1
1662;196;227;1;land;false;plains;1
1663;72;74;1;land;false;hills;1
1664;49;25;1;land;false;hills;1
1665;228;99;1;land;false;plains;1
1666;216;74;1;land;true;plains;1
1667;245;169;1;land;false;plains;1
1668;172;49;1;land;false;mountain;1
1669;133;4;1;land;false;mountain;1
1670;198;40;1;land;false;hills;1
1671;157;30;1;land;false;mountain;1
1672;172;55;1;land;false;hills;1
1673;94;71;1;land;false;plains;1
1674;105;106;1;land;false;plains;1
1675;97;40;1;land;false;plains;1
1676;114;85;1;land;false;plains;1
1677;86;90;1;land;false;plains;1
1678;156;167;1;land;false;plains;1
1679;106;190;1;land;false;plains;1
1680;100;196;1;land;false;plains;1
1681;248;51;1;land;false;plains;1
1682;203;3;1;land;false;plains;1
1683;248;56;1;land;false;hills;1
1684;224;23;1;land;false;plains;1
1685;202;4;1;land;false;mountain;1
1686;182;12;1;land;false;mountain;1
1687;207;21;1;land;false;plains;1
1688;239;15;1;land;false;plains;1
1689;228;18;1;land;false;plains;1
1690;241;29;1;land;false;mountain;1
1691;135;60;1;land;false;plains;1
1692;169;157;1;land;false;plains;1
1693;122;124;1;land;false;plains;1
1694;231;199;1;land;false;plains;1
1695;233;225;1;land;true;plains;1
1696;99;231;1;land;true;plains;1
1697;59;224;1;land;true;plains;1
1698;66;209;1;land;true;plains;1
1699;88;235;1;land;true;plains;1
1700;113;252;1;land;true;plains;1
1701;214;75;1;land;true;plains;1
1702;13;95;1;land;false;mountain;1
1703;38;122;1;land;false;mountain;1
1704;38;136;1;land;false;plains;1
1705;134;40;1;land;false;plains;1
1706;51;21;1;land;false;plains;1
1707;0;42;1;land;true;plains;1
1708;64;169;1;land;false;plains;1
1709;147;166;1;land;false;hills;1
1710;141;197;1;land;false;plains;1
1711;22;187;1;land;false;plains;1
1712;138;13;1;land;true;plains;1
1713;197;51;1;land;true;plains;1
1714;165;206;1;land;false;plains;1
1715;159;201;1;land;false;plains;1
1716;86;205;1;land;false;plains;1
1717;52;245;1;land;false;plains;1
1718;47;218;1;land;false;plains;1
1719;241;36;1;land;false;plains;1
1720;224;6;1;land;true;plains;1
1721;186;26;1;land;true;plains;1
1722;237;70;1;land;false;plains;1
1723;15;48;1;land;false;plains;1
1724;41;34;1;land;false;plains;1
1725;53;11;1;land;false;plains;1
1726;23;3;1;land;false;plains;1
1727;58;49;1;land;false;plains;1
1728;27;14;1;land;false;plains;1
1729;111;63;1;land;false;plains;1
1730;55;203;1;land;false;plains;1
1731;39;183;1;land;false;plains;1
1732;24;216;1;land;false;plains;1
1733;38;42;1;land;false;mountain;1
1734;49;35;1;land;false;hills;1
1735;33;58;1;land;false;hills;1
1736;99;53;1;land;false;plains;1
1737;48;56;1;land;false;mountain;1
1738;117;117;1;land;false;plains;1
1739;140;74;1;land;false;plains;1
1740;138;61;1;land;true;plains;1
1741;90;113;1;land;true;plains;1
1742;120;85;1;land;false;plains;1
1743;71;184;1;land;false;mountain;1
1744;41;171;1;land;false;mountain;1
1745;53;229;1;land;false;plains;1
1746;183;226;1;land;false;plains;1
1747;168;215;1;land;false;plains;1
1748;204;237;1;land;false;plains;1
1749;231;30;1;land;false;plains;1
1750;249;92;1;land;false;plains;1
1751;228;102;1;land;false;plains;1
1752;203;50;1;land;true;plains;1
1753;7;75;1;land;false;plains;1
1754;210;98;1;land;false;hills;1
1755;238;119;1;land;false;plains;1
1756;220;156;1;land;false;hills;1
1757;221;183;1;land;false;plains;1
1758;97;248;1;land;false;mountain;1
1759;102;189;1;land;false;hills;1
1760;190;3;1;land;true;plains;1
1761;167;3;1;land;true;plains;1
1762;154;27;1;land;true;plains;1
1763;103;80;1;land;false;plains;1
1764;88;70;1;land;true;plains;1
1765;87;118;1;land;true;plains;1
1766;86;56;1;land;true;plains;1
1767;248;172;1;land;false;plains;1
1768;179;172;1;land;true;plains;1
1769;19;213;1;land;true;plains;1
1770;127;182;1;land;true;plains;1
1771;179;38;1;land;true;plains;1
1772;50;183;1;land;true;plains;1
1773;183;160;1;land;true;plains;1
1774;193;30;1;land;true;plains;1
1775;122;20;1;land;true;plains;1
1776;189;7;1;land;true;plains;1
1777;12;73;1;land;true;plains;1
1778;166;31;1;land;true;plains;1
1779;188;1;1;land;true;plains;1
1780;45;75;255;sea;false;ocean;0
1781;69;75;255;sea;true;ocean;0
1782;103;56;255;sea;true;ocean;0
1783;32;43;255;sea;false;ocean;0
1784;48;94;255;sea;true;ocean;0
1785;87;22;255;sea;true;ocean;0
1786;106;62;255;sea;true;ocean;0
1787;32;40;255;sea;false;ocean;0
1788;100;62;255;sea;true;ocean;0
1789;55;54;255;sea;true;ocean;0
1790;37;25;255;sea;true;ocean;0
1791;56;66;255;sea;true;ocean;0
1792;79;19;255;sea;false;ocean;0
1793;93;76;255;sea;false;ocean;0
1794;94;67;255;sea;false;ocean;0
1795;96;91;255;sea;true;ocean;0
1796;97;69;255;sea;false;ocean;0
1797;69;38;255;sea;true;ocean;0
1798;52;139;255;sea;false;ocean;0
1799;21;204;255;sea;false;ocean;0
1800;200;5;255;sea;false;ocean;0
1801;125;87;255;sea;false;ocean;0
1802;37;105;255;sea;false;ocean;0
1803;68;174;255;sea;false;ocean;0
1804;19;124;255;sea;false;ocean;0
1805;24;136;255;sea;false;ocean;0
1806;230;233;255;sea;false;ocean;0
1807;234;186;255;sea;true;ocean;0
1808;190;227;255;sea;true;ocean;0
1809;197;223;255;sea;false;ocean;0
1810;229;222;255;sea;false;ocean;0
1811;208;192;255;sea;false;ocean;0
1812;228;193;255;sea;false;ocean;0
1813;243;199;255;sea;true;ocean;0
1814;192;229;255;sea;false;ocean;0
1815;236;229;255;sea;false;ocean;0
1816;241;159;255;sea;false;ocean;0
1817;253;208;255;sea;false;ocean;0
1818;191;161;255;sea;true;ocean;0
1819;198;213;255;sea;false;ocean;0
1820;223;212;255;sea;false;ocean;0
1821;249;203;255;sea;false;ocean;0
1822;208;195;255;sea;false;ocean;0
1823;204;161;255;sea;false;ocean;0
1824;244;214;255;sea;true;ocean;0
1825;204;179;255;sea;false;ocean;0
1826;159;234;255;sea;false;ocean;0
1827;56;92;255;sea;false;ocean;0
1828;102;85;255;sea;false;ocean;0
1829;81;32;255;sea;false;ocean;0
1830;74;56;255;sea;false;ocean;0
1831;91;96;255;sea;true;ocean;0
1832;59;88;255;sea;false;ocean;0
1833;97;72;255;sea;false;ocean;0
1834;91;82;255;sea;false;ocean;0
1835;55;68;255;sea;false;ocean;0
1836;50;79;255;sea;true;ocean;0
1837;71;64;255;sea;false;ocean;0
1838;46;144;255;sea;false;ocean;0
1839;38;205;255;sea;false;ocean;0
1840;46;224;255;sea;true;ocean;0
1841;19;237;255;sea;true;ocean;0
1842;41;225;255;sea;false;ocean;0
1843;35;201;255;sea;false;ocean;0
1844;5;198;255;sea;false;ocean;0
1845;39;235;255;sea;true;ocean;0
1846;3;233;255;sea;false;ocean;0
1847;45;182;255;sea;true;ocean;0
1848;35;175;255;sea;true;ocean;0
1849;4;219;255;sea;false;ocean;0
1850;29;229;255;sea;false;ocean;0
1851;45;240;255;sea;false;ocean;0
1852;16;223;255;sea;false;ocean;0
1853;18;189;255;sea;true;ocean;0
1854;24;215;255;sea;false;ocean;0
1855;13;206;255;sea;true;ocean;0
1856;44;221;255;sea;false;ocean;0
1857;17;173;255;sea;true;ocean;0
1858;18;229;255;sea;false;ocean;0
1859;2;241;255;sea;false;ocean;0
1860;30;187;255;sea;false;ocean;0
1861;18;190;255;sea;false;ocean;0
1862;33;175;255;sea;true;ocean;0
1863;38;229;255;sea;false;ocean;0
1864;159;2;255;sea;false;ocean;0
1865;135;49;255;sea;false;ocean;0
1866;186;92;255;sea;false;ocean;0
1867;159;201;255;sea;false;ocean;0
1868;59;222;255;sea;false;ocean;0
1869;214;55;255;sea;false;ocean;0
1870;204;120;255;sea;false;ocean;0
1871;201;159;255;sea;false;ocean;0
1872;116;234;255;sea;false;ocean;0
1873;15;15;255;sea;false;ocean;0
1874;130;99;255;sea;false;ocean;0
1875;79;113;255;sea;false;ocean;0
1876;187;217;255;sea;false;ocean;0
1877;201;168;255;sea;false;ocean;0
1878;203;168;255;sea;true;ocean;0
1879;220;184;255;sea;true;ocean;0
1880;252;224;255;sea;true;ocean;0
1881;212;213;255;sea;false;ocean;0
1882;240;227;255;sea;true;ocean;0
1883;222;218;255;sea;false;ocean;0
1884;214;180;255;sea;false;ocean;0
1885;228;166;255;sea;true;ocean;0
1886;212;162;255;sea;false;ocean;0
1887;237;222;255;sea;false;ocean;0
1888;186;227;255;sea;false;ocean;0
1889;203;173;255;sea;true;ocean;0
1890;234;157;255;sea;false;ocean;0
1891;211;169;255;sea;true;ocean;0
1892;235;227;255;sea;true;ocean;0
1893;215;228;255;sea;false;ocean;0
1894;231;223;255;sea;false;ocean;0
1895;201;180;255;sea;false;ocean;0
1896;226;172;255;sea;true;ocean;0
1897;237;224;255;sea;false;ocean;0
1898;204;166;255;sea;false;ocean;0
1899;251;199;255;sea;false;ocean;0
1900;244;178;255;sea;false;ocean;0
1901;187;186;255;sea;false;ocean;0
1902;231;198;255;sea;false;ocean;0
1903;212;220;255;sea;false;ocean;0
1904;242;194;255;sea;false;ocean;0
1905;233;222;255;sea;false;ocean;0
1906;183;194;255;sea;true;ocean;0
1907;246;213;255;sea;true;ocean;0
1908;229;189;255;sea;true;ocean;0
1909;252;191;255;sea;false;ocean;0
1910;240;196;255;sea;false;ocean;0
1911;214;169;255;sea;true;ocean;0
1912;148;0;255;sea;false;ocean;0
1913;120;96;255;sea;true;ocean;0
1914;186;76;255;sea;false;ocean;0
1915;138;115;255;sea;true;ocean;0
1916;162;64;255;sea;false;ocean;0
1917;144;71;255;sea;false;ocean;0
1918;167;106;255;sea;true;ocean;0
1919;169;80;255;sea;false;ocean;0
1920;155;72;255;sea;true;ocean;0
1921;118;119;255;sea;true;ocean;0
1922;149;70;255;sea;true;ocean;0
1923;155;58;255;sea;false;ocean;0
1924;154;87;255;sea;true;ocean;0
1925;115;55;255;sea;false;ocean;0
1926;154;55;255;sea;true;ocean;0
1927;122;90;255;sea;false;ocean;0
1928;190;60;255;sea;false;ocean;0
1929;172;74;255;sea;false;ocean;0
1930;151;121;255;sea;false;ocean;0
1931;152;86;255;sea;true;ocean;0
1932;172;72;255;sea;false;ocean;0
1933;183;71;255;sea;false;ocean;0
1934;118;80;255;sea;false;ocean;0
1935;156;87;255;sea;false;ocean;0
1936;121;98;255;sea;true;ocean;0
1937;151;82;255;sea;false;ocean;0
1938;191;96;255;sea;true;ocean;0
1939;162;96;255;sea;false;ocean;0
1940;179;115;255;sea;true;ocean;0
1941;142;49;255;sea;false;ocean;0
1942;135;63;255;sea;false;ocean;0
1943;170;126;255;sea;false;ocean;0
1944;135;92;255;sea;false;ocean;0
1945;156;98;255;sea;false;ocean;0
1946;140;82;255;sea;false;ocean;0
1947;158;95;255;sea;true;ocean;0
1948;172;111;255;sea;true;ocean;0
1949;144;109;255;sea;true;ocean;0
1950;171;84;255;sea;true;ocean;0
1951;62;184;255;sea;false;ocean;0
1952;44;170;255;sea;false;ocean;0
1953;8;178;255;sea;false;ocean;0
1954;36;204;255;sea;true;ocean;0
1955;20;176;255;sea;true;ocean;0
1956;8;172;255;sea;false;ocean;0
1957;12;232;255;sea;false;ocean;0
1958;35;210;255;sea;true;ocean;0
1959;4;195;255;sea;false;ocean;0
1960;20;244;255;sea;true;ocean;0
1961;15;244;255;sea;false;ocean;0
1962;38;234;255;sea;true;ocean;0
1963;14;245;255;sea;false;ocean;0
1964;37;224;255;sea;false;ocean;0
1965;6;202;255;sea;true;ocean;0
1966;7;235;255;sea;false;ocean;0
1967;12;233;255;sea;false;ocean;0
1968;15;192;255;sea;true;ocean;0
1969;30;212;255;sea;false;ocean;0
1970;28;242;255;sea;false;ocean;0
1971;10;208;255;sea;false;ocean;0
1972;31;198;255;sea;false;ocean;0
1973;21;212;255;sea;true;ocean;0
1974;16;241;255;sea;false;ocean;0
1975;22;215;255;sea;false;ocean;0
1976;30;239;255;sea;false;ocean;0
1977;16;244;255;sea;true;ocean;0
1978;12;231;255;sea;true;ocean;0
1979;12;213;255;sea;true;ocean;0
1980;42;226;255;sea;false;ocean;0
1981;9;185;255;sea;true;ocean;0
1982;44;183;255;sea;false;ocean;0
1983;2;218;255;sea;false;ocean;0
1984;16;171;255;sea;false;ocean;0
1985;22;169;255;sea;false;ocean;0
1986;8;225;255;sea;false;ocean;0
1987;37;177;255;sea;false;ocean;0
1988;217;50;255;sea;false;ocean;0
1989;48;79;255;sea;false;ocean;0
1990;241;127;255;sea;false;ocean;0
1991;123;165;255;sea;false;ocean;0
1992;70;225;255;sea;false;ocean;0
1993;88;70;255;sea;false;ocean;0
1994;43;149;255;sea;true;ocean;0
1995;21;125;255;sea;false;ocean;0
1996;51;105;255;sea;false;ocean;0
1997;56;108;255;sea;true;ocean;0
1998;6;142;255;sea;false;ocean;0
1999;38;159;255;sea;false;ocean;0
2000;31;113;255;sea;false;ocean;0
2001;21;131;255;sea;true;ocean;0
2002;16;141;255;sea;false;ocean;0
2003;45;148;255;sea;true;ocean;0
2004;12;165;255;sea;true;ocean;0
2005;39;89;255;sea;false;ocean;0
2006;58;129;255;sea;true;ocean;0
2007;24;156;255;sea;true;ocean;0
2008;8;134;255;sea;true;ocean;0
2009;49;95;255;sea;false;ocean;0
2010;51;139;255;sea;false;ocean;0
2011;26;124;255;sea;true;ocean;0
2012;21;130;255;sea;true;ocean;0
2013;5;162;255;sea;false;ocean;0
2014;10;135;255;sea;true;ocean;0
2015;52;141;255;sea;false;ocean;0
2016;14;155;255;sea;false;ocean;0
2017;55;137;255;sea;true;ocean;0
2018;16;106;255;sea;false;ocean;0
2019;42;121;255;sea;false;ocean;0
2020;44;92;255;sea;true;ocean;0
2021;24;144;255;sea;true;ocean;0
2022;13;152;255;sea;false;ocean;0
2023;9;121;255;sea;false;ocean;0
2024;39;116;255;sea;false;ocean;0
2025;24;96;255;sea;false;ocean;0
2026;44;141;255;sea;true;ocean;0
2027;31;147;255;sea;false;ocean;0
2028;40;88;255;sea;true;ocean;0
2029;3;162;255;sea;false;ocean;0
2030;1;122;255;sea;true;ocean;0
2031;5;141;255;sea;false;ocean;0
2032;17;162;255;sea;true;ocean;0
2033;15;104;255;sea;false;ocean;0
2034;50;167;255;sea;false;ocean;0
2035;21;120;255;sea;true;ocean;0
2036;10;101;255;sea;false;ocean;0
2037;39;151;255;sea;true;ocean;0
2038;25;100;255;sea;true;ocean;0
2039;55;107;255;sea;true;ocean;0
2040;5;105;255;sea;false;ocean;0
2041;2;154;255;sea;false;ocean;0
2042;44;99;255;sea;false;ocean;0
2043;21;158;255;sea;false;ocean;0
2044;23;111;255;sea;true;ocean;0
2045;55;93;255;sea;false;ocean;0
2046;36;117;255;sea;false;ocean;0
2047;36;108;255;sea;false;ocean;0
2048;19;131;255;sea;true;ocean;0
2049;8;167;255;sea;false;ocean;0
2050;24;97;255;sea;true;ocean;0
2051;31;142;255;sea;false;ocean;0
2052;32;119;255;sea;false;ocean;0
2053;3;101;255;sea;true;ocean;0
2054;34;138;255;sea;false;ocean;0
2055;53;124;255;sea;true;ocean;0
2056;0;152;255;sea;true;ocean;0
2057;30;94;255;sea;true;ocean;0
2058;46;95;255;sea;true;ocean;0
2059;38;115;255;sea;false;ocean;0
2060;30;110;255;sea;false;ocean;0
2061;35;161;255;sea;false;ocean;0
2062;48;138;255;sea;false;ocean;0
2063;32;159;255;sea;false;ocean;0
2064;39;124;255;sea;true;ocean;0
2065;21;154;255;sea;true;ocean;0
2066;48;159;255;sea;false;ocean;0
2067;44;95;255;sea;false;ocean;0
2068;15;163;255;sea;false;ocean;0
2069;25;141;255;sea;true;ocean;0
2070;3;157;255;sea;false;ocean;0
2071;14;99;255;sea;false;ocean;0
2072;17;132;255;sea;false;ocean;0
2073;1;97;255;sea;false;ocean;0
2074;27;146;255;sea;false;ocean;0
2075;19;101;255;sea;false;ocean;0
2076;21;144;255;sea;true;ocean;0
2077;20;134;255;sea;false;ocean;0
2078;41;93;255;sea;true;ocean;0
2079;2;163;255;sea;true;ocean;0
2080;41;135;255;sea;true;ocean;0
2081;208;198;255;sea;true;ocean;0
2082;143;164;255;sea;false;ocean;0
2083;180;201;255;sea;false;ocean;0
2084;140;193;255;sea;false;ocean;0
2085;157;214;255;sea;false;ocean;0
2086;194;180;255;sea;true;ocean;0
2087;185;180;255;sea;true;ocean;0
2088;176;171;255;sea;false;ocean;0
2089;215;180;255;sea;true;ocean;0
2090;218;148;255;sea;false;ocean;0
2091;141;164;255;sea;true;ocean;0
2092;208;218;255;sea;true;ocean;0
2093;197;201;255;sea;false;ocean;0
2094;148;165;255;sea;false;ocean;0
2095;151;150;255;sea;false;ocean;0
2096;152;177;255;sea;false;ocean;0
2097;175;176;255;sea;false;ocean;0
2098;174;216;255;sea;false;ocean;0
2099;210;159;255;sea;false;ocean;0
2100;172;214;255;sea;false;ocean;0
2101;147;148;255;sea;false;ocean;0
2102;177;145;255;sea;false;ocean;0
2103;210;207;255;sea;false;ocean;0
2104;179;155;255;sea;false;ocean;0
2105;145;155;255;sea;true;ocean;0
2106;145;205;255;sea;true;ocean;0
2107;173;211;255;sea;false;ocean;0
2108;184;148;255;sea;false;ocean;0
2109;207;181;255;sea;false;ocean;0
2110;200;221;255;sea;false;ocean;0
2111;150;221;255;sea;false;ocean;0
2112;196;202;255;sea;false;ocean;0
2113;144;205;255;sea;true;ocean;0
2114;185;165;255;sea;false;ocean;0
2115;155;146;255;sea;false;ocean;0
2116;194;219;255;sea;false;ocean;0
2117;181;219;255;sea;false;ocean;0
2118;206;181;255;sea;false;ocean;0
2119;203;181;255;sea;true;ocean;0
2120;166;161;255;sea;false;ocean;0
2121;193;194;255;sea;true;ocean;0
2122;199;179;255;sea;false;ocean;0
2123;219;150;255;sea;false;ocean;0
2124;216;150;255;sea;false;ocean;0
2125;176;200;255;sea;false;ocean;0
2126;169;179;255;sea;false;ocean;0
2127;199;177;255;sea;false;ocean;0
2128;160;215;255;sea;false;ocean;0
2129;37;19;255;sea;false;ocean;0
2130;48;59;255;sea;true;ocean;0
2131;65;86;255;sea;true;ocean;0
2132;40;24;255;sea;true;ocean;0
2133;52;44;255;sea;false;ocean;0
2134;41;95;255;sea;true;ocean;0
2135;90;36;255;sea;false;ocean;0
2136;55;88;255;sea;false;ocean;0
2137;31;95;255;sea;false;ocean;0
2138;58;78;255;sea;false;ocean;0
2139;100;20;255;sea;false;ocean;0
2140;50;50;255;sea;false;ocean;0
2141;46;85;255;sea;false;ocean;0
2142;91;33;255;sea;true;ocean;0
2143;31;48;255;sea;true;ocean;0
2144;40;62;255;sea;false;ocean;0
2145;98;64;255;sea;true;ocean;0
2146;78;93;255;sea;false;ocean;0
2147;86;63;255;sea;true;ocean;0
2148;57;60;255;sea;false;ocean;0
2149;24;79;255;sea;true;ocean;0
2150;67;22;255;sea;true;ocean;0
2151;97;31;255;sea;false;ocean;0
2152;49;66;255;sea;false;ocean;0
2153;26;25;255;sea;false;ocean;0
2154;24;27;255;sea;false;ocean;0
2155;62;41;255;sea;false;ocean;0
2156;92;81;255;sea;false;ocean;0
2157;34;17;255;sea;false;ocean;0
2158;80;70;255;sea;false;ocean;0
2159;4;115;255;sea;false;ocean;0
2160;193;156;255;sea;false;ocean;0
2161;77;211;255;sea;false;ocean;0
2162;150;226;255;sea;true;ocean;0
2163;96;253;255;sea;false;ocean;0
2164;125;221;255;sea;true;ocean;0
2165;130;238;255;sea;false;ocean;0
2166;102;206;255;sea;false;ocean;0
2167;116;225;255;sea;false;ocean;0
2168;80;251;255;sea;false;ocean;0
2169;109;222;255;sea;false;ocean;0
2170;134;241;255;sea;false;ocean;0
2171;150;244;255;sea;false;ocean;0
2172;117;251;255;sea;true;ocean;0
2173;141;227;255;sea;false;ocean;0
2174;108;210;255;sea;false;ocean;0
2175;122;213;255;sea;false;ocean;0
2176;99;223;255;sea;false;ocean;0
2177;137;236;255;sea;false;ocean;0
2178;137;254;255;sea;true;ocean;0
2179;90;221;255;sea;false;ocean;0
2180;146;210;255;sea;false;ocean;0
2181;149;207;255;sea;false;ocean;0
2182;87;251;255;sea;false;ocean;0
2183;108;214;255;sea;false;ocean;0
2184;137;204;255;sea;false;ocean;0
2185;126;226;255;sea;true;ocean;0
2186;102;254;255;sea;false;ocean;0
2187;99;212;255;sea;false;ocean;0
2188;137;211;255;sea;false;ocean;0
2189;114;218;255;sea;true;ocean;0
2190;82;215;255;sea;false;ocean;0
2191;65;70;255;sea;false;ocean;0
2192;56;117;255;sea;false;ocean;0
2193;223;202;255;sea;false;ocean;0
2194;128;3;255;sea;false;ocean;0
2195;241;63;255;sea;false;ocean;0
2196;162;118;255;sea;false;ocean;0
2197;48;146;255;sea;false;ocean;0
2198;59;192;255;sea;false;ocean;0
2199;53;22;255;sea;false;ocean;0
2200;199;128;255;sea;false;ocean;0
2201;116;139;255;sea;false;ocean;0
2202;60;213;255;sea;false;ocean;0
2203;180;23;255;sea;false;ocean;0
2204;87;79;255;sea;false;ocean;0
2205;15;139;255;sea;false;ocean;0
2206;214;185;255;sea;false;ocean;0
2207;174;48;255;sea;false;ocean;0
2208;100;53;255;sea;false;ocean;0
2209;7;120;255;sea;false;ocean;0
2210;249;231;255;sea;false;ocean;0
2211;99;206;255;sea;false;ocean;0
2212;32;64;255;sea;false;ocean;0
2213;146;109;255;sea;false;ocean;0
2214;149;157;255;sea;false;ocean;0
2215;82;241;255;sea;false;ocean;0
2216;25;34;255;sea;false;ocean;0
2217;221;97;255;sea;false;ocean;0
2218;182;138;255;sea;false;ocean;0
2219;126;188;255;sea;true;ocean;0
2220;145;183;255;sea;false;ocean;0
2221;125;191;255;sea;false;ocean;0
2222;136;172;255;sea;false;ocean;0
2223;118;184;255;sea;true;ocean;0
2224;130;137;255;sea;false;ocean;0
2225;123;185;255;sea;false;ocean;0
2226;102;186;255;sea;false;ocean;0
2227;168;198;255;sea;false;ocean;0
2228;146;155;255;sea;false;ocean;0
2229;140;133;255;sea;false;ocean;0
2230;163;146;255;sea;false;ocean;0
2231;171;147;255;sea;false;ocean;0
2232;170;151;255;sea;true;ocean;0
2233;156;151;255;sea;false;ocean;0
2234;118;171;255;sea;true;ocean;0
2235;135;159;255;sea;false;ocean;0
2236;169;168;255;sea;true;ocean;0
2237;136;143;255;sea;false;ocean;0
2238;135;145;255;sea;false;ocean;0
2239;143;127;255;sea;true;ocean;0
2240;98;136;255;sea;true;ocean;0
2241;166;175;255;sea;true;ocean;0
2242;109;155;255;sea;true;ocean;0
2243;98;151;255;sea;true;ocean;0
2244;154;186;255;sea;false;ocean;0
2245;110;171;255;sea;true;ocean;0
2246;142;181;255;sea;false;ocean;0
2247;149;144;255;sea;true;ocean;0
2248;135;165;255;sea;false;ocean;0
2249;100;198;255;sea;false;ocean;0
2250;103;171;255;sea;true;ocean;0
2251;170;134;255;sea;false;ocean;0
2252;131;193;255;sea;true;ocean;0
2253;118;168;255;sea;false;ocean;0
2254;112;181;255;sea;true;ocean;0
2255;151;190;255;sea;false;ocean;0
2256;136;174;255;sea;false;ocean;0
2257;137;205;255;sea;false;ocean;0
2258;97;179;255;sea;false;ocean;0
2259;100;183;255;sea;false;ocean;0
2260;115;149;255;sea;false;ocean;0
2261;118;205;255;sea;false;ocean;0
2262;103;203;255;sea;false;ocean;0
2263;150;132;255;sea;false;ocean;0
2264;96;183;255;sea;false;ocean;0
2265;45;235;255;sea;false;ocean;0
2266;227;32;255;sea;false;ocean;0
2267;158;77;255;sea;false;ocean;0
2268;188;129;255;sea;true;ocean;0
2269;192;128;255;sea;true;ocean;0
2270;212;60;255;sea;true;ocean;0
2271;168;126;255;sea;true;ocean;0
2272;216;125;255;sea;false;ocean;0
2273;192;97;255;sea;true;ocean;0
2274;215;108;255;sea;false;ocean;0
2275;177;89;255;sea;false;ocean;0
2276;214;99;255;sea;true;ocean;0
2277;147;74;255;sea;false;ocean;0
2278;153;103;255;sea;true;ocean;0
2279;185;105;255;sea;false;ocean;0
2280;194;63;255;sea;false;ocean;0
2281;211;58;255;sea;true;ocean;0
2282;185;137;255;sea;true;ocean;0
2283;159;90;255;sea;true;ocean;0
2284;161;64;255;sea;false;ocean;0
2285;178;97;255;sea;false;ocean;0
2286;185;80;255;sea;true;ocean;0
2287;167;104;255;sea;false;ocean;0
2288;149;62;255;sea;false;ocean;0
2289;142;146;255;sea;false;ocean;0
2290;104;245;255;sea;false;ocean;0
2291;110;249;255;sea;false;ocean;0
2292;90;213;255;sea;false;ocean;0
2293;152;213;255;sea;false;ocean;0
2294;135;244;255;sea;false;ocean;0
2295;126;217;255;sea;false;ocean;0
2296;56;27;255;sea;false;ocean;0
2297;240;102;255;sea;false;ocean;0
2298;24;165;255;sea;false;ocean;0
2299;232;202;255;sea;false;ocean;0
2300;126;41;255;sea;false;ocean;0
2301;68;61;255;sea;false;ocean;0
2302;56;125;255;sea;false;ocean;0
2303;59;234;255;sea;false;ocean;0
2304;165;11;255;sea;false;ocean;0
2305;135;65;255;sea;false;ocean;0
2306;215;122;255;sea;false;ocean;0
2307;208;177;255;sea;false;ocean;0
2308;52;227;255;sea;false;ocean;0
2309;24;49;255;sea;false;ocean;0
2310;47;110;255;sea;false;ocean;0
2311;249;182;255;sea;false;ocean;0
2312;84;248;255;sea;false;ocean;0
2313;94;46;255;sea;false;ocean;0
2314;107;91;255;sea;false;ocean;0
2315;150;84;255;sea;false;ocean;0
2316;130;70;255;sea;false;ocean;0
2317;103;88;255;sea;false;ocean;0
2318;107;43;255;sea;false;ocean;0
2319;116;64;255;sea;true;ocean;0
2320;129;69;255;sea;false;ocean;0
2321;145;105;255;sea;false;ocean;0
2322;117;84;255;sea;false;ocean;0
2323;139;97;255;sea;false;ocean;0
2324;124;110;255;sea;false;ocean;0
2325;175;60;255;sea;false;ocean;0
2326;149;116;255;sea;false;ocean;0
2327;168;56;255;sea;false;ocean;0
2328;141;95;255;sea;true;ocean;0
2329;180;93;255;sea;false;ocean;0
2330;173;85;255;sea;true;ocean;0
2331;176;121;255;sea;false;ocean;0
2332;127;60;255;sea;false;ocean;0
2333;109;143;255;sea;false;ocean;0
2334;230;193;255;sea;false;ocean;0
2335;185;52;255;sea;false;ocean;0
2336;211;47;255;sea;false;ocean;0
2337;218;15;255;sea;true;ocean;0
2338;198;5;255;sea;false;ocean;0
2339;198;16;255;sea;false;ocean;0
2340;220;5;255;sea;false;ocean;0
2341;234;51;255;sea;true;ocean;0
2342;171;8;255;sea;false;ocean;0
2343;227;5;255;sea;false;ocean;0
2344;218;45;255;sea;true;ocean;0
2345;225;49;255;sea;false;ocean;0
2346;213;43;255;sea;false;ocean;0
2347;203;25;255;sea;false;ocean;0
2348;220;107;255;sea;false;ocean;0
2349;164;141;255;sea;false;ocean;0
2350;71;221;255;sea;false;ocean;0
2351;239;43;255;sea;false;ocean;0
2352;132;55;255;sea;true;ocean;0
2353;193;55;255;sea;false;ocean;0
2354;195;125;255;sea;false;ocean;0
2355;137;59;255;sea;false;ocean;0
2356;153;85;255;sea;false;ocean;0
2357;173;129;255;sea;true;ocean;0
2358;206;81;255;sea;false;ocean;0
2359;169;103;255;sea;true;ocean;0
2360;184;64;255;sea;false;ocean;0
2361;169;99;255;sea;false;ocean;0
2362;187;81;255;sea;false;ocean;0
2363;200;99;255;sea;false;ocean;0
2364;135;73;255;sea;true;ocean;0
2365;152;115;255;sea;true;ocean;0
2366;135;116;255;sea;false;ocean;0
2367;201;57;255;sea;false;ocean;0
2368;170;106;255;sea;false;ocean;0
2369;164;66;255;sea;false;ocean;0
2370;197;80;255;sea;false;ocean;0
2371;135;112;255;sea;false;ocean;0
2372;184;99;255;sea;false;ocean;0
2373;186;89;255;sea;true;ocean;0
2374;139;68;255;sea;false;ocean;0
2375;113;137;255;sea;false;ocean;0
2376;22;174;255;sea;false;ocean;0
2377;244;55;255;sea;false;ocean;0
2378;242;102;255;sea;false;ocean;0
2379;190;134;255;sea;false;ocean;0
2380;65;246;255;sea;false;ocean;0
2381;69;233;255;sea;false;ocean;0
2382;62;241;255;sea;true;ocean;0
2383;67;247;255;sea;true;ocean;0
2384;71;246;255;sea;true;ocean;0
2385;27;190;255;sea;false;ocean;0
2386;77;201;255;sea;false;ocean;0
2387;63;246;255;sea;false;ocean;0
2388;56;204;255;sea;false;ocean;0
2389;91;239;255;sea;false;ocean;0
2390;46;254;255;sea;true;ocean;0
2391;50;213;255;sea;false;ocean;0
2392;63;239;255;sea;false;ocean;0
2393;36;228;255;sea;false;ocean;0
2394;28;224;255;sea;false;ocean;0
2395;32;227;255;sea;false;ocean;0
2396;37;221;255;sea;true;ocean;0
2397;33;206;255;sea;false;ocean;0
2398;50;194;255;sea;false;ocean;0
2399;65;229;255;sea;true;ocean;0
2400;9;64;255;sea;false;ocean;0
2401;101;101;255;sea;false;ocean;0
2402;56;165;255;sea;false;ocean;0
2403;175;172;255;sea;false;ocean;0
2404;126;252;255;sea;false;ocean;0
2405;133;40;255;sea;false;ocean;0
2406;98;112;255;sea;false;ocean;0
2407;237;181;255;sea;false;ocean;0
2408;216;30;255;sea;false;ocean;0
2409;21;42;255;sea;false;ocean;0
2410;201;125;255;sea;false;ocean;0
2411;177;77;255;sea;false;ocean;0
2412;171;113;255;sea;false;ocean;0
2413;170;72;255;sea;true;ocean;0
2414;236;133;255;sea;false;ocean;0
2415;232;108;255;sea;false;ocean;0
2416;236;74;255;sea;false;ocean;0
2417;233;88;255;sea;false;ocean;0
2418;109;185;255;sea;false;ocean;0
